Assembly	FN allele	Query SD region	Homologous counterpart region	RG index	FC query pair index	NFC/counterpart pair index	Selected input BAM ALT-haplotype qnames	Original raw BAM ALT-haplotype qnames	ALT-haplotype depth / total depth at true ALT site
hg38	chr1:148602848:G:C	RG2 | FC:RG2_129 | chr1:148599457-148604990(+); RG2 | FC:RG2_149 | chr1:148601121-148604942(+); RG2 | FC:RG2_168 | chr1:148602617-148604942(+); RG2 | FC:RG2_169 | chr1:148602617-148604944(+); RG2 | FC:RG2_170 | chr1:148602620-148604978(-)	RG2 | NFC:RG2_129 | chr1:146148516-146154048(+); RG2 | NFC:RG2_129 | chr1:149466296-149470117(-); RG2 | NFC:RG2_129 | chr1:149466296-149470125(-); RG2 | NFC:RG2_129 | chr1:149466297-149470118(+); RG2 | NFC:RG2_129 | chr1:149466297-149470126(+); RG2 | NFC:RG2_149 | chr1:146150180-146154001(+); RG2 | NFC:RG2_149 | chr1:146150182-146153999(-); RG2 | NFC:RG2_149 | chr1:146150182-146154000(+); RG2 | NFC:RG2_149 | chr1:146151675-146154000(+); RG2 | NFC:RG2_149 | chr1:146151678-146154000(-); RG2 | NFC:RG2_149 | chr1:149466296-149470117(-); RG2 | NFC:RG2_168 | chr1:146151675-146154000(+); RG2 | NFC:RG2_168 | chr1:146151676-146154001(+); RG2 | NFC:RG2_168 | chr1:149466296-149468618(+); RG2 | NFC:RG2_168 | chr1:149466296-149468621(-); RG2 | NFC:RG2_168 | chr1:149466297-149468621(+); RG2 | NFC:RG2_169 | chr1:146151675-146154000(+); RG2 | NFC:RG2_169 | chr1:146151675-146154002(+); RG2 | NFC:RG2_169 | chr1:146151676-146154003(+); RG2 | NFC:RG2_169 | chr1:149466296-149468621(-); RG2 | NFC:RG2_169 | chr1:149466297-149468618(+); RG2 | NFC:RG2_169 | chr1:149466297-149468621(+); RG2 | NFC:RG2_170 | chr1:146151678-146154000(+); RG2 | NFC:RG2_170 | chr1:146151678-146154002(+); RG2 | NFC:RG2_170 | chr1:146151678-146154036(-); RG2 | NFC:RG2_170 | chr1:146151679-146154037(+); RG2 | NFC:RG2_170 | chr1:149466296-149468618(-); RG2 | NFC:RG2_170 | chr1:149466297-149468618(+)	RG2	RG2_129; RG2_149; RG2_168; RG2_169; RG2_170	RG2_129; RG2_149; RG2_168; RG2_169; RG2_170	n=1; HISEQ1:25:H9UD6ADXX:1:1114:12481:6956	n=13; HISEQ1:18:H8VC6ADXX:1:2113:8471:33719; HISEQ1:20:H9V1RADXX:2:1110:7247:4173; HISEQ1:21:H9V1VADXX:2:1107:10067:6613; HISEQ1:21:H9V1VADXX:2:2213:6291:48688; HISEQ1:25:H9UD6ADXX:1:1103:6643:30283; HISEQ1:25:H9UD6ADXX:1:1114:12481:6956; HISEQ1:25:H9UD6ADXX:1:2115:14443:66023; HISEQ1:26:HA2RRADXX:1:1104:13169:54461; HISEQ1:26:HA2RRADXX:2:2103:11703:77701; HISEQ1:27:HA2TEADXX:1:2215:4314:96124; HISEQ1:29:HA2WPADXX:1:2105:11133:12821; HISEQ1:29:HA2WPADXX:1:2216:2873:79050; HISEQ1:29:HA2WPADXX:2:2101:2966:67639	RG2: 1/55
hg38	chr1:149480138:A:G	RG11 | FC:RG11_2 | chr1:149479735-149487759(+); RG11 | FC:RG11_5 | chr1:149479735-149483232(+); RG11 | FC:RG11_53 | chr1:149479735-149481473(+); RG11 | FC:RG11_54 | chr1:149479783-149481473(+); RG11 | FC:RG11_57 | chr1:149479783-149481456(+); RG11 | FC:RG11_58 | chr1:149479783-149481465(+); RG19 | FC:RG19_0 | chr1:149479735-149489338(+); RG76 | FC:RG76_3 | chr1:149479462-149481470(+)	RG11 | NFC:RG11_2 | chr1:146132914-146134666(+); RG11 | NFC:RG11_2 | chr1:146132933-146134671(-); RG11 | NFC:RG11_2 | chr1:148583869-148585614(+); RG11 | NFC:RG11_2 | chr1:148583881-148585571(+); RG11 | NFC:RG11_2 | chr1:148583881-148585618(-); RG11 | NFC:RG11_2 | chr1:148583881-148585619(+); RG11 | NFC:RG11_2 | chr1:148583889-148585571(+); RG11 | NFC:RG11_2 | chr1:148583898-148585571(+); RG11 | NFC:RG11_2 | chr1:148583898-148585571(-); RG11 | NFC:RG11_5 | chr1:146132914-146134671(+); RG11 | NFC:RG11_5 | chr1:146132933-146134671(-); RG11 | NFC:RG11_5 | chr1:148583869-148585572(+); RG11 | NFC:RG11_5 | chr1:148583881-148585571(+); RG11 | NFC:RG11_5 | chr1:148583881-148585618(-); RG11 | NFC:RG11_5 | chr1:148583881-148585619(+); RG11 | NFC:RG11_5 | chr1:148583889-148585571(+); RG11 | NFC:RG11_5 | chr1:148583898-148585571(+); RG11 | NFC:RG11_5 | chr1:148583898-148585571(-); RG11 | NFC:RG11_53 | chr1:146132933-146134671(-); RG11 | NFC:RG11_53 | chr1:148583881-148585618(-); RG11 | NFC:RG11_53 | chr1:148583881-148585619(+); RG11 | NFC:RG11_53 | chr1:148583898-148585591(-); RG11 | NFC:RG11_54 | chr1:146132933-146134623(+); RG11 | NFC:RG11_54 | chr1:146132933-146134623(-); RG11 | NFC:RG11_54 | chr1:146132950-146134623(-); RG11 | NFC:RG11_54 | chr1:148583881-148585570(-); RG11 | NFC:RG11_54 | chr1:148583881-148585571(+); RG11 | NFC:RG11_54 | chr1:148583898-148585571(-); RG11 | NFC:RG11_57 | chr1:146132947-146134620(+); RG11 | NFC:RG11_57 | chr1:146132950-146134623(-); RG11 | NFC:RG11_57 | chr1:146132952-146134624(+); RG11 | NFC:RG11_57 | chr1:148583897-148585570(-); RG11 | NFC:RG11_57 | chr1:148583898-148585571(+); RG11 | NFC:RG11_57 | chr1:148583898-148585571(-); RG11 | NFC:RG11_58 | chr1:146132941-146134623(+); RG11 | NFC:RG11_58 | chr1:146132941-146134623(-); RG11 | NFC:RG11_58 | chr1:148583888-148585570(-); RG11 | NFC:RG11_58 | chr1:148583889-148585571(+); RG11 | NFC:RG11_58 | chr1:148583898-148585571(-); RG19 | NFC:RG19_0 | chr1:146132933-146134671(-); RG19 | NFC:RG19_0 | chr1:148583869-148585572(+); RG19 | NFC:RG19_0 | chr1:148583881-148585571(+); RG19 | NFC:RG19_0 | chr1:148583881-148585619(+); RG19 | NFC:RG19_0 | chr1:148583881-148585619(-); RG19 | NFC:RG19_0 | chr1:148583885-148585571(+); RG19 | NFC:RG19_0 | chr1:148583889-148585571(+); RG19 | NFC:RG19_0 | chr1:148583898-148585571(-); RG76 | NFC:RG76_3 | chr1:146132933-146134671(+); RG76 | NFC:RG76_3 | chr1:146132936-146134671(-); RG76 | NFC:RG76_3 | chr1:148583883-148585618(-); RG76 | NFC:RG76_3 | chr1:148583884-148585571(+); RG76 | NFC:RG76_3 | chr1:148583884-148585619(+); RG76 | NFC:RG76_3 | chr1:148583885-148585620(+); RG76 | NFC:RG76_3 | chr1:148583889-148585571(+)	RG11; RG19; RG76	RG11_2; RG11_5; RG11_53; RG11_54; RG11_57; RG11_58; RG19_0; RG76_3	RG11_2; RG11_5; RG11_53; RG11_54; RG11_57; RG11_58; RG19_0; RG76_3	n=18; HISEQ1:18:H8VC6ADXX:1:1215:5987:17968; HISEQ1:20:H9V1RADXX:2:1116:3744:71640; HISEQ1:21:H9V1VADXX:1:1103:18863:28939; HISEQ1:21:H9V1VADXX:1:1213:6989:68899; HISEQ1:21:H9V1VADXX:2:1103:3863:75087; HISEQ1:21:H9V1VADXX:2:1214:13616:33138; HISEQ1:22:H9UJNADXX:2:1101:12551:69242; HISEQ1:22:H9UJNADXX:2:1216:19740:32284; HISEQ1:24:H9TKDADXX:2:1204:4386:91340; HISEQ1:25:H9UD6ADXX:1:2108:9343:35883; HISEQ1:25:H9UD6ADXX:2:2201:20689:2984; HISEQ1:26:HA2RRADXX:1:1215:13686:11359; HISEQ1:26:HA2RRADXX:2:1107:12152:91540; HISEQ1:27:HA2TEADXX:1:2113:6132:74688; HISEQ1:27:HA2TEADXX:2:1213:7559:17589; HISEQ1:27:HA2TEADXX:2:2209:8369:11884; HISEQ1:28:HA2RLADXX:2:1215:6656:87719; HISEQ1:29:HA2WPADXX:1:2106:4615:61344	n=91; HISEQ1:18:H8VC6ADXX:1:1114:5274:27607; HISEQ1:18:H8VC6ADXX:1:1212:17842:23315; HISEQ1:18:H8VC6ADXX:1:1215:5987:17968; HISEQ1:18:H8VC6ADXX:1:2112:12534:4790; HISEQ1:18:H8VC6ADXX:1:2205:5780:94881; HISEQ1:18:H8VC6ADXX:2:1109:17871:94988; HISEQ1:18:H8VC6ADXX:2:1115:3861:77068; HISEQ1:18:H8VC6ADXX:2:2202:17020:52918; HISEQ1:19:H8VDAADXX:1:1107:13256:23319; HISEQ1:19:H8VDAADXX:1:1108:5690:56294; HISEQ1:19:H8VDAADXX:1:2103:4707:39009; HISEQ1:19:H8VDAADXX:1:2116:12983:54533; HISEQ1:19:H8VDAADXX:2:2106:18885:101297; HISEQ1:20:H9V1RADXX:1:1103:7686:84946; HISEQ1:20:H9V1RADXX:1:1107:9746:21816; HISEQ1:20:H9V1RADXX:1:1114:10124:22670; HISEQ1:20:H9V1RADXX:1:2105:1953:15266; HISEQ1:20:H9V1RADXX:1:2213:8611:10064; HISEQ1:20:H9V1RADXX:2:1116:3744:71640; HISEQ1:21:H9V1VADXX:1:1103:18863:28939; HISEQ1:21:H9V1VADXX:1:1202:2711:21845; HISEQ1:21:H9V1VADXX:1:1213:6989:68899; HISEQ1:21:H9V1VADXX:1:2101:16110:81874; HISEQ1:21:H9V1VADXX:1:2104:9472:99005; HISEQ1:21:H9V1VADXX:1:2206:14374:26801; HISEQ1:21:H9V1VADXX:1:2206:18089:62859; HISEQ1:21:H9V1VADXX:2:1103:3863:75087; HISEQ1:21:H9V1VADXX:2:1112:1442:90121; HISEQ1:21:H9V1VADXX:2:1214:13616:33138; HISEQ1:22:H9UJNADXX:1:2106:1702:76762; HISEQ1:22:H9UJNADXX:1:2111:18316:23864; HISEQ1:22:H9UJNADXX:2:1101:12551:69242; HISEQ1:22:H9UJNADXX:2:1116:16765:30655; HISEQ1:22:H9UJNADXX:2:1216:18444:73448; HISEQ1:22:H9UJNADXX:2:1216:19740:32284; HISEQ1:22:H9UJNADXX:2:2102:3858:85165; HISEQ1:22:H9UJNADXX:2:2113:6108:36355; HISEQ1:22:H9UJNADXX:2:2211:5402:8951; HISEQ1:23:H9UD5ADXX:1:1110:16550:18918; HISEQ1:23:H9UD5ADXX:1:1115:15271:91330; HISEQ1:23:H9UD5ADXX:1:2107:19274:47976; HISEQ1:23:H9UD5ADXX:1:2112:14763:61937; HISEQ1:23:H9UD5ADXX:1:2207:10148:13560; HISEQ1:24:H9TKDADXX:1:1207:16649:64391; HISEQ1:24:H9TKDADXX:1:2112:14256:20644; HISEQ1:24:H9TKDADXX:1:2112:7918:30318; HISEQ1:24:H9TKDADXX:1:2214:2870:68451; HISEQ1:24:H9TKDADXX:2:1204:4386:91340; HISEQ1:24:H9TKDADXX:2:2105:19938:25541; HISEQ1:24:H9TKDADXX:2:2107:5045:15782; HISEQ1:24:H9TKDADXX:2:2207:6947:20888; HISEQ1:25:H9UD6ADXX:1:2108:9343:35883; HISEQ1:25:H9UD6ADXX:2:1106:20017:37524; HISEQ1:25:H9UD6ADXX:2:1110:9316:39317; HISEQ1:25:H9UD6ADXX:2:2108:12437:35324; HISEQ1:25:H9UD6ADXX:2:2110:11982:8123; HISEQ1:25:H9UD6ADXX:2:2201:20689:2984; HISEQ1:26:HA2RRADXX:1:1104:10279:68092; HISEQ1:26:HA2RRADXX:1:1208:8030:49629; HISEQ1:26:HA2RRADXX:1:1215:13686:11359; HISEQ1:26:HA2RRADXX:1:2104:4333:76392; HISEQ1:26:HA2RRADXX:2:1107:12152:91540; HISEQ1:26:HA2RRADXX:2:1108:13553:87371; HISEQ1:26:HA2RRADXX:2:1109:2127:80883; HISEQ1:26:HA2RRADXX:2:2210:15298:7519; HISEQ1:26:HA2RRADXX:2:2216:1147:47012; HISEQ1:27:HA2TEADXX:1:2113:6132:74688; HISEQ1:27:HA2TEADXX:2:1114:3964:87544; HISEQ1:27:HA2TEADXX:2:1213:7559:17589; HISEQ1:27:HA2TEADXX:2:1216:3683:89110; HISEQ1:27:HA2TEADXX:2:2107:8902:46523; HISEQ1:27:HA2TEADXX:2:2207:16625:78795; HISEQ1:27:HA2TEADXX:2:2209:8369:11884; HISEQ1:28:HA2RLADXX:1:2101:20175:89883; HISEQ1:28:HA2RLADXX:1:2115:13064:56134; HISEQ1:28:HA2RLADXX:1:2213:4507:96600; HISEQ1:28:HA2RLADXX:1:2215:10576:66446; HISEQ1:28:HA2RLADXX:2:1105:15070:68404; HISEQ1:28:HA2RLADXX:2:1215:6656:87719; HISEQ1:28:HA2RLADXX:2:2101:17254:50240; HISEQ1:28:HA2RLADXX:2:2102:8260:32809; HISEQ1:28:HA2RLADXX:2:2110:15177:75991; HISEQ1:28:HA2RLADXX:2:2209:15390:14888; HISEQ1:29:HA2WPADXX:1:1105:8980:32738; HISEQ1:29:HA2WPADXX:1:2106:4615:61344; HISEQ1:29:HA2WPADXX:1:2111:13111:91768; HISEQ1:29:HA2WPADXX:1:2202:11737:12271; HISEQ1:29:HA2WPADXX:1:2206:15535:46341; HISEQ1:29:HA2WPADXX:2:1102:19832:70984; HISEQ1:29:HA2WPADXX:2:1106:12402:69516; HISEQ1:29:HA2WPADXX:2:2112:5989:73554	RG11: 19/430; RG19: 19/421; RG76: 19/707
hg38	chr7:144183966:G:C	RG0 | FC:RG0_1101 | chr7:144178591-144186940(+); RG0 | FC:RG0_1102 | chr7:144180403-144186940(+); RG0 | FC:RG0_1176 | chr7:144183133-144185057(+); RG0 | FC:RG0_1177 | chr7:144183137-144185056(-); RG0 | FC:RG0_1178 | chr7:144183135-144185057(+)	RG0 | NFC:RG0_1101 | chr7:143571447-143573371(+); RG0 | NFC:RG0_1101 | chr7:143571451-143573370(-); RG0 | NFC:RG0_1101 | chr7:143571456-143573370(-); RG0 | NFC:RG0_1101 | chr7:143571457-143573371(+); RG0 | NFC:RG0_1101 | chr7:144265812-144272350(+); RG0 | NFC:RG0_1101 | chr7:144265814-144272350(-); RG0 | NFC:RG0_1101 | chr7:144265815-144272351(+); RG0 | NFC:RG0_1101 | chr7:144267696-144269620(-); RG0 | NFC:RG0_1101 | chr7:144267697-144269616(+); RG0 | NFC:RG0_1102 | chr7:143571447-143573371(+); RG0 | NFC:RG0_1102 | chr7:143571451-143573370(-); RG0 | NFC:RG0_1102 | chr7:144265814-144272350(-); RG0 | NFC:RG0_1102 | chr7:144265815-144272351(+); RG0 | NFC:RG0_1176 | chr7:143571447-143573371(+); RG0 | NFC:RG0_1176 | chr7:144267696-144269620(-); RG0 | NFC:RG0_1176 | chr7:144267697-144269621(+); RG0 | NFC:RG0_1176 | chr7:144267697-144269621(-); RG0 | NFC:RG0_1177 | chr7:143571441-143573360(+); RG0 | NFC:RG0_1177 | chr7:143571441-143573360(-); RG0 | NFC:RG0_1177 | chr7:143571451-143573370(+); RG0 | NFC:RG0_1177 | chr7:143571451-143573370(-); RG0 | NFC:RG0_1177 | chr7:144267697-144269616(+); RG0 | NFC:RG0_1177 | chr7:144267697-144269616(-); RG0 | NFC:RG0_1177 | chr7:144267698-144269617(+); RG0 | NFC:RG0_1177 | chr7:144267698-144269617(-); RG0 | NFC:RG0_1178 | chr7:143571439-143573361(+); RG0 | NFC:RG0_1178 | chr7:143571439-143573361(-); RG0 | NFC:RG0_1178 | chr7:143571449-143573371(+); RG0 | NFC:RG0_1178 | chr7:143571451-143573370(-); RG0 | NFC:RG0_1178 | chr7:143571456-143573370(-); RG0 | NFC:RG0_1178 | chr7:144267696-144269618(-); RG0 | NFC:RG0_1178 | chr7:144267697-144269616(+); RG0 | NFC:RG0_1178 | chr7:144267697-144269619(+); RG0 | NFC:RG0_1178 | chr7:144267697-144269619(-)	RG0	RG0_1101; RG0_1102; RG0_1176; RG0_1177; RG0_1178	RG0_1101; RG0_1102; RG0_1176; RG0_1177; RG0_1178	n=1; HISEQ1:22:H9UJNADXX:2:1203:16330:9589	n=6; HISEQ1:20:H9V1RADXX:1:1205:19209:95423; HISEQ1:20:H9V1RADXX:1:2103:7831:26501; HISEQ1:20:H9V1RADXX:1:2104:10935:17513; HISEQ1:21:H9V1VADXX:2:2210:13382:44468; HISEQ1:22:H9UJNADXX:2:1203:16330:9589; HISEQ1:24:H9TKDADXX:2:1202:17548:9956	RG0: 1/73
hg38	chr9:41131598:T:A	RG0 | FC:RG0_868 | chr9:41129867-41142667(-); RG0 | FC:RG0_995 | chr9:41129867-41132829(+); RG0 | FC:RG0_996 | chr9:41130268-41132837(-); RG0 | FC:RG0_997 | chr9:41130760-41132829(+); RG0 | FC:RG0_998 | chr9:41130943-41132837(-)	RG0 | NFC:RG0_868 | chr9:65286039-65289001(+); RG0 | NFC:RG0_868 | chr9:65286047-65289003(+); RG0 | NFC:RG0_868 | chr9:65732513-65735082(+); RG0 | NFC:RG0_868 | chr9:65732521-65735101(-); RG0 | NFC:RG0_868 | chr9:68288648-68301448(+); RG0 | NFC:RG0_995 | chr9:65286039-65289001(+); RG0 | NFC:RG0_995 | chr9:65732521-65735082(+); RG0 | NFC:RG0_995 | chr9:65732521-65735101(-); RG0 | NFC:RG0_995 | chr9:65732522-65734589(-); RG0 | NFC:RG0_995 | chr9:65732525-65735487(+); RG0 | NFC:RG0_995 | chr9:68298486-68301448(+); RG0 | NFC:RG0_995 | chr9:68298486-68301448(-); RG0 | NFC:RG0_995 | chr9:68298492-68300377(+); RG0 | NFC:RG0_995 | chr9:68298492-68301053(+); RG0 | NFC:RG0_995 | chr9:68298494-68301456(-); RG0 | NFC:RG0_995 | chr9:68298495-68300563(-); RG0 | NFC:RG0_996 | chr9:65286439-65289008(-); RG0 | NFC:RG0_996 | chr9:65286440-65289001(+); RG0 | NFC:RG0_996 | chr9:65286442-65289003(+); RG0 | NFC:RG0_996 | chr9:65286934-65289011(+); RG0 | NFC:RG0_996 | chr9:65732513-65735082(+); RG0 | NFC:RG0_996 | chr9:68298478-68301047(+); RG0 | NFC:RG0_996 | chr9:68298478-68301047(-); RG0 | NFC:RG0_996 | chr9:68298484-68300377(+); RG0 | NFC:RG0_996 | chr9:68298484-68301053(+); RG0 | NFC:RG0_997 | chr9:65286932-65289000(+); RG0 | NFC:RG0_997 | chr9:65286932-65289001(+); RG0 | NFC:RG0_997 | chr9:65286934-65289003(+); RG0 | NFC:RG0_997 | chr9:65732520-65734588(+); RG0 | NFC:RG0_997 | chr9:65732520-65734589(-); RG0 | NFC:RG0_997 | chr9:65732521-65734590(+); RG0 | NFC:RG0_997 | chr9:65732521-65734590(-); RG0 | NFC:RG0_997 | chr9:68298486-68300555(+); RG0 | NFC:RG0_997 | chr9:68298486-68300555(-); RG0 | NFC:RG0_997 | chr9:68298492-68300377(+); RG0 | NFC:RG0_997 | chr9:68298492-68300561(+); RG0 | NFC:RG0_997 | chr9:68298495-68300559(+); RG0 | NFC:RG0_997 | chr9:68298495-68300563(-); RG0 | NFC:RG0_998 | chr9:65287114-65289008(-); RG0 | NFC:RG0_998 | chr9:65287115-65289001(+); RG0 | NFC:RG0_998 | chr9:65287118-65289003(+); RG0 | NFC:RG0_998 | chr9:65287120-65289013(+); RG0 | NFC:RG0_998 | chr9:65732513-65734407(+); RG0 | NFC:RG0_998 | chr9:65732514-65734404(+); RG0 | NFC:RG0_998 | chr9:65732521-65734407(-); RG0 | NFC:RG0_998 | chr9:68298478-68300372(+); RG0 | NFC:RG0_998 | chr9:68298478-68300372(-); RG0 | NFC:RG0_998 | chr9:68298484-68300377(+)	RG0	RG0_868; RG0_995; RG0_996; RG0_997; RG0_998	RG0_868; RG0_995; RG0_996; RG0_997; RG0_998	n=34; HISEQ1:18:H8VC6ADXX:1:1111:3914:31892; HISEQ1:18:H8VC6ADXX:2:1116:15491:12985; HISEQ1:19:H8VDAADXX:1:1212:20449:38231; HISEQ1:19:H8VDAADXX:2:1103:13368:25899; HISEQ1:19:H8VDAADXX:2:1114:7189:95170; HISEQ1:20:H9V1RADXX:2:1208:11366:78407; HISEQ1:20:H9V1RADXX:2:2111:12402:72365; HISEQ1:21:H9V1VADXX:1:1213:10149:14903; HISEQ1:21:H9V1VADXX:2:1212:7076:57489; HISEQ1:22:H9UJNADXX:1:1102:8333:61060; HISEQ1:22:H9UJNADXX:1:2208:6913:26855; HISEQ1:22:H9UJNADXX:1:2215:16806:45323; HISEQ1:23:H9UD5ADXX:1:1206:11976:44737; HISEQ1:23:H9UD5ADXX:1:1207:8192:51498; HISEQ1:23:H9UD5ADXX:1:2107:15172:5730; HISEQ1:23:H9UD5ADXX:1:2116:4651:47676; HISEQ1:23:H9UD5ADXX:1:2205:4482:49980; HISEQ1:23:H9UD5ADXX:2:1102:3189:50531; HISEQ1:23:H9UD5ADXX:2:1104:7897:97794; HISEQ1:23:H9UD5ADXX:2:1108:18893:32281; HISEQ1:23:H9UD5ADXX:2:2103:19591:52357; HISEQ1:23:H9UD5ADXX:2:2208:19055:16315; HISEQ1:24:H9TKDADXX:1:1114:11472:92934; HISEQ1:24:H9TKDADXX:1:1206:19976:25459; HISEQ1:24:H9TKDADXX:1:1207:11990:7262; HISEQ1:24:H9TKDADXX:2:2207:19436:100196; HISEQ1:25:H9UD6ADXX:1:2103:8220:33535; HISEQ1:25:H9UD6ADXX:2:2102:13667:52802; HISEQ1:25:H9UD6ADXX:2:2205:3505:39211; HISEQ1:27:HA2TEADXX:2:1112:19036:72202; HISEQ1:28:HA2RLADXX:1:1114:18009:46213; HISEQ1:28:HA2RLADXX:2:2202:15721:86239; HISEQ1:29:HA2WPADXX:2:2212:8394:64109; HISEQ1:29:HA2WPADXX:2:2215:13248:45643	n=187; HISEQ1:18:H8VC6ADXX:1:1108:9743:7239; HISEQ1:18:H8VC6ADXX:1:1111:3914:31892; HISEQ1:18:H8VC6ADXX:1:1112:20250:49890; HISEQ1:18:H8VC6ADXX:1:1116:14299:86410; HISEQ1:18:H8VC6ADXX:1:1216:3825:35398; HISEQ1:18:H8VC6ADXX:2:1104:6834:91605; HISEQ1:18:H8VC6ADXX:2:1109:11556:37486; HISEQ1:18:H8VC6ADXX:2:1111:11705:76778; HISEQ1:18:H8VC6ADXX:2:1116:15491:12985; HISEQ1:18:H8VC6ADXX:2:1209:5260:42567; HISEQ1:18:H8VC6ADXX:2:2105:14072:78206; HISEQ1:19:H8VDAADXX:1:1113:19413:46974; HISEQ1:19:H8VDAADXX:1:1209:8123:26339; HISEQ1:19:H8VDAADXX:1:1212:20449:38231; HISEQ1:19:H8VDAADXX:1:2103:20276:33099; HISEQ1:19:H8VDAADXX:1:2110:7623:92323; HISEQ1:19:H8VDAADXX:1:2205:2198:92613; HISEQ1:19:H8VDAADXX:2:1103:13368:25899; HISEQ1:19:H8VDAADXX:2:1105:12595:42502; HISEQ1:19:H8VDAADXX:2:1114:7189:95170; HISEQ1:20:H9V1RADXX:1:1109:3393:37045; HISEQ1:20:H9V1RADXX:1:1110:15071:87136; HISEQ1:20:H9V1RADXX:1:1208:19150:2091; HISEQ1:20:H9V1RADXX:1:1216:11210:18133; HISEQ1:20:H9V1RADXX:1:2213:6039:24767; HISEQ1:20:H9V1RADXX:2:1116:1373:16899; HISEQ1:20:H9V1RADXX:2:1207:3730:99538; HISEQ1:20:H9V1RADXX:2:1208:11366:78407; HISEQ1:20:H9V1RADXX:2:1210:3129:47363; HISEQ1:20:H9V1RADXX:2:1213:3251:56686; HISEQ1:20:H9V1RADXX:2:2102:15741:9780; HISEQ1:20:H9V1RADXX:2:2111:12402:72365; HISEQ1:21:H9V1VADXX:1:1106:7478:20938; HISEQ1:21:H9V1VADXX:1:1110:14981:66382; HISEQ1:21:H9V1VADXX:1:1113:3434:97386; HISEQ1:21:H9V1VADXX:1:1213:10149:14903; HISEQ1:21:H9V1VADXX:1:2109:20202:6797; HISEQ1:21:H9V1VADXX:1:2203:19947:6540; HISEQ1:21:H9V1VADXX:2:1205:7387:76333; HISEQ1:21:H9V1VADXX:2:1210:10797:17974; HISEQ1:21:H9V1VADXX:2:1212:7076:57489; HISEQ1:21:H9V1VADXX:2:2104:6089:27832; HISEQ1:21:H9V1VADXX:2:2105:7066:94800; HISEQ1:21:H9V1VADXX:2:2110:2501:15828; HISEQ1:21:H9V1VADXX:2:2113:15264:19064; HISEQ1:22:H9UJNADXX:1:1102:8333:61060; HISEQ1:22:H9UJNADXX:1:1107:19814:9083; HISEQ1:22:H9UJNADXX:1:1201:20748:10148; HISEQ1:22:H9UJNADXX:1:1203:6040:15721; HISEQ1:22:H9UJNADXX:1:1204:11199:56330; HISEQ1:22:H9UJNADXX:1:1204:12396:95234; HISEQ1:22:H9UJNADXX:1:1209:14547:64368; HISEQ1:22:H9UJNADXX:1:1212:21224:84169; HISEQ1:22:H9UJNADXX:1:2102:9615:29839; HISEQ1:22:H9UJNADXX:1:2106:12949:13084; HISEQ1:22:H9UJNADXX:1:2106:9506:82502; HISEQ1:22:H9UJNADXX:1:2111:8859:82478; HISEQ1:22:H9UJNADXX:1:2112:9719:34555; HISEQ1:22:H9UJNADXX:1:2201:6529:95251; HISEQ1:22:H9UJNADXX:1:2206:14070:56215; HISEQ1:22:H9UJNADXX:1:2208:6913:26855; HISEQ1:22:H9UJNADXX:1:2215:16806:45323; HISEQ1:22:H9UJNADXX:2:1102:16478:41171; HISEQ1:22:H9UJNADXX:2:1103:19366:43297; HISEQ1:22:H9UJNADXX:2:2108:18883:43976; HISEQ1:22:H9UJNADXX:2:2110:17696:40074; HISEQ1:22:H9UJNADXX:2:2110:3153:71743; HISEQ1:22:H9UJNADXX:2:2112:12564:68881; HISEQ1:22:H9UJNADXX:2:2116:17344:6835; HISEQ1:23:H9UD5ADXX:1:1104:3324:7640; HISEQ1:23:H9UD5ADXX:1:1206:11976:44737; HISEQ1:23:H9UD5ADXX:1:1207:8192:51498; HISEQ1:23:H9UD5ADXX:1:1210:12703:20794; HISEQ1:23:H9UD5ADXX:1:2107:15172:5730; HISEQ1:23:H9UD5ADXX:1:2116:4651:47676; HISEQ1:23:H9UD5ADXX:1:2204:9601:59652; HISEQ1:23:H9UD5ADXX:1:2205:4482:49980; HISEQ1:23:H9UD5ADXX:1:2216:3031:80940; HISEQ1:23:H9UD5ADXX:2:1102:3189:50531; HISEQ1:23:H9UD5ADXX:2:1104:2804:60676; HISEQ1:23:H9UD5ADXX:2:1104:7897:97794; HISEQ1:23:H9UD5ADXX:2:1107:1812:21059; HISEQ1:23:H9UD5ADXX:2:1108:18893:32281; HISEQ1:23:H9UD5ADXX:2:1113:13166:77086; HISEQ1:23:H9UD5ADXX:2:1115:4142:15733; HISEQ1:23:H9UD5ADXX:2:2103:19591:52357; HISEQ1:23:H9UD5ADXX:2:2115:7964:37025; HISEQ1:23:H9UD5ADXX:2:2201:10452:82210; HISEQ1:23:H9UD5ADXX:2:2208:19055:16315; HISEQ1:23:H9UD5ADXX:2:2209:10059:84462; HISEQ1:23:H9UD5ADXX:2:2215:7893:21679; HISEQ1:24:H9TKDADXX:1:1104:7531:64727; HISEQ1:24:H9TKDADXX:1:1113:4632:89116; HISEQ1:24:H9TKDADXX:1:1114:11472:92934; HISEQ1:24:H9TKDADXX:1:1206:19976:25459; HISEQ1:24:H9TKDADXX:1:1207:11990:7262; HISEQ1:24:H9TKDADXX:1:1213:9823:100718; HISEQ1:24:H9TKDADXX:1:1215:14277:19091; HISEQ1:24:H9TKDADXX:1:2206:17472:22010; HISEQ1:24:H9TKDADXX:2:1106:4601:58215; HISEQ1:24:H9TKDADXX:2:1112:6592:49021; HISEQ1:24:H9TKDADXX:2:1112:8348:91761; HISEQ1:24:H9TKDADXX:2:1207:15938:79151; HISEQ1:24:H9TKDADXX:2:1213:4643:21295; HISEQ1:24:H9TKDADXX:2:2111:6778:7877; HISEQ1:24:H9TKDADXX:2:2115:13644:59836; HISEQ1:24:H9TKDADXX:2:2207:19436:100196; HISEQ1:24:H9TKDADXX:2:2213:2603:68146; HISEQ1:24:H9TKDADXX:2:2216:13761:67082; HISEQ1:25:H9UD6ADXX:1:1103:5626:68466; HISEQ1:25:H9UD6ADXX:1:1107:6242:15863; HISEQ1:25:H9UD6ADXX:1:1207:10498:48734; HISEQ1:25:H9UD6ADXX:1:1210:3981:67773; HISEQ1:25:H9UD6ADXX:1:1213:9279:89094; HISEQ1:25:H9UD6ADXX:1:2103:8220:33535; HISEQ1:25:H9UD6ADXX:1:2110:5889:44792; HISEQ1:25:H9UD6ADXX:1:2204:16204:91470; HISEQ1:25:H9UD6ADXX:1:2215:6670:36960; HISEQ1:25:H9UD6ADXX:2:1106:10284:20754; HISEQ1:25:H9UD6ADXX:2:1109:5722:68171; HISEQ1:25:H9UD6ADXX:2:1114:16955:31667; HISEQ1:25:H9UD6ADXX:2:1214:7776:72575; HISEQ1:25:H9UD6ADXX:2:2102:13667:52802; HISEQ1:25:H9UD6ADXX:2:2107:7017:73060; HISEQ1:25:H9UD6ADXX:2:2113:6313:48619; HISEQ1:25:H9UD6ADXX:2:2116:5869:13784; HISEQ1:25:H9UD6ADXX:2:2205:3505:39211; HISEQ1:26:HA2RRADXX:1:1105:13986:51770; HISEQ1:26:HA2RRADXX:1:1201:16783:46616; HISEQ1:26:HA2RRADXX:2:1114:11914:69202; HISEQ1:26:HA2RRADXX:2:1202:10699:17968; HISEQ1:26:HA2RRADXX:2:2108:12190:53784; HISEQ1:26:HA2RRADXX:2:2109:12608:101213; HISEQ1:26:HA2RRADXX:2:2201:7025:66466; HISEQ1:26:HA2RRADXX:2:2210:3554:35446; HISEQ1:26:HA2RRADXX:2:2215:5768:64906; HISEQ1:27:HA2TEADXX:1:1106:18075:67389; HISEQ1:27:HA2TEADXX:1:1113:5166:82986; HISEQ1:27:HA2TEADXX:1:1115:5361:59018; HISEQ1:27:HA2TEADXX:1:1202:14733:26105; HISEQ1:27:HA2TEADXX:1:2104:10259:48650; HISEQ1:27:HA2TEADXX:1:2202:12798:23881; HISEQ1:27:HA2TEADXX:1:2210:10140:61630; HISEQ1:27:HA2TEADXX:2:1102:6251:101337; HISEQ1:27:HA2TEADXX:2:1110:14696:80221; HISEQ1:27:HA2TEADXX:2:1112:19036:72202; HISEQ1:27:HA2TEADXX:2:1116:17576:82088; HISEQ1:27:HA2TEADXX:2:1201:7214:30869; HISEQ1:27:HA2TEADXX:2:2108:2658:46512; HISEQ1:27:HA2TEADXX:2:2208:15707:55340; HISEQ1:27:HA2TEADXX:2:2211:17489:43460; HISEQ1:28:HA2RLADXX:1:1111:5383:16479; HISEQ1:28:HA2RLADXX:1:1112:8664:30556; HISEQ1:28:HA2RLADXX:1:1114:18009:46213; HISEQ1:28:HA2RLADXX:1:2107:8976:84193; HISEQ1:28:HA2RLADXX:1:2115:4668:27070; HISEQ1:28:HA2RLADXX:1:2203:12845:7438; HISEQ1:28:HA2RLADXX:1:2214:11861:60574; HISEQ1:28:HA2RLADXX:2:1105:4187:91205; HISEQ1:28:HA2RLADXX:2:1109:13380:74764; HISEQ1:28:HA2RLADXX:2:1113:19454:97748; HISEQ1:28:HA2RLADXX:2:1113:20920:21090; HISEQ1:28:HA2RLADXX:2:1116:3031:57588; HISEQ1:28:HA2RLADXX:2:1201:4969:34628; HISEQ1:28:HA2RLADXX:2:1214:10977:13725; HISEQ1:28:HA2RLADXX:2:1216:10747:11150; HISEQ1:28:HA2RLADXX:2:2102:13407:68249; HISEQ1:28:HA2RLADXX:2:2104:3475:48425; HISEQ1:28:HA2RLADXX:2:2108:9858:51709; HISEQ1:28:HA2RLADXX:2:2202:15721:86239; HISEQ1:28:HA2RLADXX:2:2208:9863:91844; HISEQ1:29:HA2WPADXX:1:1101:10284:32676; HISEQ1:29:HA2WPADXX:1:1107:1677:56124; HISEQ1:29:HA2WPADXX:1:1201:13284:52839; HISEQ1:29:HA2WPADXX:1:1204:12633:35556; HISEQ1:29:HA2WPADXX:1:1205:14647:92849; HISEQ1:29:HA2WPADXX:1:2104:13805:73701; HISEQ1:29:HA2WPADXX:1:2114:12090:44303; HISEQ1:29:HA2WPADXX:1:2203:2508:8407; HISEQ1:29:HA2WPADXX:1:2208:12748:67440; HISEQ1:29:HA2WPADXX:1:2210:14769:55867; HISEQ1:29:HA2WPADXX:2:1213:13199:50489; HISEQ1:29:HA2WPADXX:2:2108:13716:32003; HISEQ1:29:HA2WPADXX:2:2111:16876:21781; HISEQ1:29:HA2WPADXX:2:2211:1683:22495; HISEQ1:29:HA2WPADXX:2:2212:8394:64109; HISEQ1:29:HA2WPADXX:2:2215:13248:45643	RG0: 34/378
hg38	chr9:66987590:G:A	RG0 | FC:RG0_1008 | chr9:66976871-66991702(-); RG0 | FC:RG0_1009 | chr9:66982691-66991705(+); RG0 | FC:RG0_1132 | chr9:66981055-66989062(+); RG0 | FC:RG0_846 | chr9:66982970-67009432(-)		RG0	RG0_1008; RG0_1009; RG0_1132; RG0_846		n=1; HISEQ1:29:HA2WPADXX:1:1110:17909:8586	n=6; HISEQ1:18:H8VC6ADXX:2:1104:3590:2403; HISEQ1:19:H8VDAADXX:1:1206:15327:54773; HISEQ1:21:H9V1VADXX:1:2214:9497:58738; HISEQ1:25:H9UD6ADXX:1:1101:12763:14975; HISEQ1:28:HA2RLADXX:1:1215:4981:38736; HISEQ1:29:HA2WPADXX:1:1110:17909:8586	RG0: 1/59
hg38	chr9:66989331:C:T	RG0 | FC:RG0_1008 | chr9:66976871-66991702(-); RG0 | FC:RG0_1009 | chr9:66982691-66991705(+); RG0 | FC:RG0_1050 | chr9:66989076-66991695(-); RG0 | FC:RG0_1051 | chr9:66989077-66991695(+); RG0 | FC:RG0_846 | chr9:66982970-67009432(-)	RG0 | NFC:RG0_1008 | chr9:39356560-39365571(-); RG0 | NFC:RG0_1008 | chr9:39356560-39365573(+); RG0 | NFC:RG0_1009 | chr9:39356557-39365571(-); RG0 | NFC:RG0_1050 | chr9:39356567-39359179(+); RG0 | NFC:RG0_1050 | chr9:39356567-39359186(+); RG0 | NFC:RG0_1050 | chr9:39356567-39359186(-); RG0 | NFC:RG0_1051 | chr9:39356567-39359179(+); RG0 | NFC:RG0_1051 | chr9:39356567-39359185(-); RG0 | NFC:RG0_846 | chr9:39356555-39365292(+); RG0 | NFC:RG0_846 | chr9:39356557-39365292(-)	RG0	RG0_1008; RG0_1009; RG0_1050; RG0_1051; RG0_846	RG0_1008; RG0_1009; RG0_1050; RG0_1051; RG0_846	n=1; HISEQ1:26:HA2RRADXX:2:1216:8840:46085	n=8; HISEQ1:18:H8VC6ADXX:1:2116:16864:62878; HISEQ1:19:H8VDAADXX:2:2207:5438:12525; HISEQ1:20:H9V1RADXX:1:2104:7785:49968; HISEQ1:23:H9UD5ADXX:1:2109:11356:87491; HISEQ1:26:HA2RRADXX:2:1212:4700:39356; HISEQ1:26:HA2RRADXX:2:1216:8840:46085; HISEQ1:28:HA2RLADXX:1:1105:18751:83212; HISEQ1:29:HA2WPADXX:1:2107:2144:18411	RG0: 1/76
hg38	chr10:47478593:G:C	RG1 | FC:RG1_1242 | chr10:47476474-47480895(-)	RG1 | NFC:RG1_1242 | chr10:46378877-46383298(+)	RG1	RG1_1242	RG1_1242	n=1; HISEQ1:26:HA2RRADXX:2:2216:13541:77128	n=8; HISEQ1:21:H9V1VADXX:1:1107:10785:51801; HISEQ1:21:H9V1VADXX:1:2212:19433:51459; HISEQ1:22:H9UJNADXX:2:1212:12316:17276; HISEQ1:23:H9UD5ADXX:1:2215:20552:34480; HISEQ1:23:H9UD5ADXX:2:1210:15375:84563; HISEQ1:25:H9UD6ADXX:1:2103:10303:41524; HISEQ1:25:H9UD6ADXX:2:1211:16152:95037; HISEQ1:26:HA2RRADXX:2:2216:13541:77128	RG1: 1/8
hg38	chr10:47752509:G:A	RG1 | FC:RG1_851 | chr10:47744446-47761100(-); RG1 | FC:RG1_985 | chr10:47752008-47752624(+)		RG1	RG1_851; RG1_985		n=2; HISEQ1:18:H8VC6ADXX:2:1209:3504:94485; HISEQ1:24:H9TKDADXX:2:2109:12751:12814	n=3; HISEQ1:18:H8VC6ADXX:2:1209:3504:94485; HISEQ1:24:H9TKDADXX:2:2109:12751:12814; HISEQ1:24:H9TKDADXX:2:2202:20556:94796	RG1: 2/66
hg38	chr11:117207963:G:A	RG0 | FC:RG0_2485 | chr11:117205746-117209618(+)	RG0 | NFC:RG0_2485 | chr11:117134964-117138836(-)	RG0	RG0_2485	RG0_2485	n=1; HISEQ1:19:H8VDAADXX:2:2112:5733:64282	n=1; HISEQ1:19:H8VDAADXX:2:2112:5733:64282	RG0: 1/17
hg38	chr11:117207986:A:C	RG0 | FC:RG0_2485 | chr11:117205746-117209618(+)	RG0 | NFC:RG0_2485 | chr11:117134964-117138836(-)	RG0	RG0_2485	RG0_2485	n=1; HISEQ1:19:H8VDAADXX:2:2112:5733:64282	n=16; HISEQ1:19:H8VDAADXX:1:1108:7147:4614; HISEQ1:19:H8VDAADXX:2:1202:12633:82648; HISEQ1:19:H8VDAADXX:2:2112:5733:64282; HISEQ1:20:H9V1RADXX:1:1106:17759:4741; HISEQ1:20:H9V1RADXX:2:1104:19195:15400; HISEQ1:21:H9V1VADXX:1:2109:18355:97572; HISEQ1:22:H9UJNADXX:2:2206:17080:7416; HISEQ1:25:H9UD6ADXX:1:2211:9381:15202; HISEQ1:26:HA2RRADXX:1:1101:6622:8223; HISEQ1:26:HA2RRADXX:2:1211:9870:60980; HISEQ1:26:HA2RRADXX:2:1212:7640:84413; HISEQ1:27:HA2TEADXX:1:1211:15393:47859; HISEQ1:28:HA2RLADXX:1:2215:20204:60114; HISEQ1:29:HA2WPADXX:2:1202:20281:41366; HISEQ1:29:HA2WPADXX:2:2107:11741:23427; HISEQ1:29:HA2WPADXX:2:2209:11825:14136	RG0: 1/18
hg38	chr15:21431800:G:C	RG2 | FC:RG2_470 | chr15:21431079-21432312(+); RG2 | FC:RG2_471 | chr15:21431079-21432534(+); RG7 | FC:RG7_205 | chr15:21419454-21434030(+); RG7 | FC:RG7_215 | chr15:21419454-21434081(+); RG7 | FC:RG7_216 | chr15:21419462-21434030(+)	RG2 | NFC:RG2_470 | chr15:21868407-21869640(+); RG2 | NFC:RG2_470 | chr15_KI270727v1_random:158285-159518(+); RG2 | NFC:RG2_471 | chr15:21868407-21869862(+); RG2 | NFC:RG2_471 | chr15:21868412-21869864(+); RG2 | NFC:RG2_471 | chr15_KI270727v1_random:158285-159740(+); RG2 | NFC:RG2_471 | chr15_KI270727v1_random:158289-159741(+); RG7 | NFC:RG7_205 | chr15:21856790-21871358(+); RG7 | NFC:RG7_205 | chr15:21868399-21869864(+); RG7 | NFC:RG7_205 | chr15_KI270727v1_random:146660-161236(+); RG7 | NFC:RG7_215 | chr15:21856777-21871404(+); RG7 | NFC:RG7_215 | chr15:21856790-21871358(+); RG7 | NFC:RG7_215 | chr15:21868399-21869644(+); RG7 | NFC:RG7_215 | chr15:21868399-21869864(+); RG7 | NFC:RG7_215 | chr15_KI270727v1_random:146655-161262(+); RG7 | NFC:RG7_215 | chr15_KI270727v1_random:146660-161236(+); RG7 | NFC:RG7_215 | chr15_KI270727v1_random:158276-159741(+); RG7 | NFC:RG7_216 | chr15:21856790-21871358(+); RG7 | NFC:RG7_216 | chr15_KI270727v1_random:146668-161236(+); RG7 | NFC:RG7_216 | chr15_KI270727v1_random:158276-159741(+)	RG2; RG7	RG2_470; RG2_471; RG7_205; RG7_215; RG7_216	RG2_470; RG2_471; RG7_205; RG7_215; RG7_216	n=2; HISEQ1:18:H8VC6ADXX:2:2115:13380:34168; HISEQ1:25:H9UD6ADXX:1:2113:20462:37383	n=17; HISEQ1:18:H8VC6ADXX:2:1213:7398:32444; HISEQ1:18:H8VC6ADXX:2:2115:13380:34168; HISEQ1:19:H8VDAADXX:2:2103:11793:29240; HISEQ1:19:H8VDAADXX:2:2204:19064:87780; HISEQ1:20:H9V1RADXX:1:2104:19335:50274; HISEQ1:22:H9UJNADXX:1:1104:20369:70018; HISEQ1:22:H9UJNADXX:1:2205:2849:99776; HISEQ1:22:H9UJNADXX:2:1215:14504:19954; HISEQ1:24:H9TKDADXX:1:1112:11904:36201; HISEQ1:24:H9TKDADXX:1:1201:16660:100136; HISEQ1:24:H9TKDADXX:1:1211:17958:43195; HISEQ1:24:H9TKDADXX:1:2112:3649:58240; HISEQ1:24:H9TKDADXX:1:2211:15846:10574; HISEQ1:25:H9UD6ADXX:1:2113:20462:37383; HISEQ1:25:H9UD6ADXX:1:2212:19566:39374; HISEQ1:27:HA2TEADXX:2:1104:13656:64654; HISEQ1:27:HA2TEADXX:2:1202:4530:69023	RG2: 2/103; RG7: 2/103
hg38	chr15:32603702:G:A	RG7 | FC:RG7_101 | chr15:32598548-32606733(+); RG7 | FC:RG7_102 | chr15:32598547-32606844(-); RG7 | FC:RG7_104 | chr15:32599772-32606733(+); RG7 | FC:RG7_105 | chr15:32599771-32606844(-); RG7 | FC:RG7_110 | chr15:32602586-32605269(+); RG7 | FC:RG7_139 | chr15:32603280-32606733(+); RG7 | FC:RG7_149 | chr15:32603272-32606845(+); RG7 | FC:RG7_150 | chr15:32603279-32607312(-); RG7 | FC:RG7_151 | chr15:32603347-32606733(+); RG7 | FC:RG7_152 | chr15:32603349-32606733(+); RG7 | FC:RG7_153 | chr15:32603346-32606843(-); RG7 | FC:RG7_154 | chr15:32603348-32606841(-); RG7 | FC:RG7_63 | chr15:32588354-32621381(+)	RG7 | NFC:RG7_101 | chr15:30144870-30148323(+); RG7 | NFC:RG7_101 | chr15:32390023-32393477(+); RG7 | NFC:RG7_101 | chr15:32390024-32393410(+); RG7 | NFC:RG7_101 | chr15:32390024-32393477(-); RG7 | NFC:RG7_101 | chr15:32442351-32450534(-); RG7 | NFC:RG7_101 | chr15_KI270905v1_alt:4813134-4821319(+); RG7 | NFC:RG7_102 | chr15:30144870-30148323(+); RG7 | NFC:RG7_102 | chr15:32389912-32393410(+); RG7 | NFC:RG7_102 | chr15:32389912-32393477(+); RG7 | NFC:RG7_102 | chr15:32390024-32393477(-); RG7 | NFC:RG7_102 | chr15:32442239-32450535(+); RG7 | NFC:RG7_102 | chr15:32442351-32450534(-); RG7 | NFC:RG7_102 | chr15_KI270905v1_alt:4813133-4821430(+); RG7 | NFC:RG7_104 | chr15:30144869-30148322(-); RG7 | NFC:RG7_104 | chr15:30144870-30148322(+); RG7 | NFC:RG7_104 | chr15:30144870-30148323(+); RG7 | NFC:RG7_104 | chr15:32390023-32393410(+); RG7 | NFC:RG7_104 | chr15:32390023-32393477(+); RG7 | NFC:RG7_104 | chr15:32390024-32393477(+); RG7 | NFC:RG7_104 | chr15:32390024-32393477(-); RG7 | NFC:RG7_104 | chr15:32442350-32445737(+); RG7 | NFC:RG7_104 | chr15:32442350-32449311(+); RG7 | NFC:RG7_104 | chr15:32442351-32445735(+); RG7 | NFC:RG7_104 | chr15:32442351-32449312(-); RG7 | NFC:RG7_104 | chr15_KI270905v1_alt:4814358-4821319(+); RG7 | NFC:RG7_105 | chr15:30144869-30148434(-); RG7 | NFC:RG7_105 | chr15:30144870-30148323(+); RG7 | NFC:RG7_105 | chr15:30144870-30148434(+); RG7 | NFC:RG7_105 | chr15:32389912-32393410(+); RG7 | NFC:RG7_105 | chr15:32389912-32393477(+); RG7 | NFC:RG7_105 | chr15:32390024-32393477(-); RG7 | NFC:RG7_105 | chr15:32442239-32449312(+); RG7 | NFC:RG7_105 | chr15:32442240-32445737(+); RG7 | NFC:RG7_105 | chr15:32442351-32445735(+); RG7 | NFC:RG7_105 | chr15:32442351-32449313(-); RG7 | NFC:RG7_105 | chr15_KI270905v1_alt:4814357-4821430(+); RG7 | NFC:RG7_110 | chr15:30144869-30146858(-); RG7 | NFC:RG7_110 | chr15:30144870-30146858(+); RG7 | NFC:RG7_110 | chr15:30144870-30146859(+); RG7 | NFC:RG7_110 | chr15:32391487-32393410(+); RG7 | NFC:RG7_110 | chr15:32391487-32393477(+); RG7 | NFC:RG7_110 | chr15:32391488-32393476(-); RG7 | NFC:RG7_110 | chr15:32391488-32393477(+); RG7 | NFC:RG7_110 | chr15:32391488-32393477(-); RG7 | NFC:RG7_110 | chr15:32391489-32393478(-); RG7 | NFC:RG7_110 | chr15:32391489-32393479(+); RG7 | NFC:RG7_110 | chr15:32443811-32446493(-); RG7 | NFC:RG7_110 | chr15:32443814-32445737(+); RG7 | NFC:RG7_110 | chr15:32443814-32446497(+); RG7 | NFC:RG7_110 | chr15:32443815-32445736(-); RG7 | NFC:RG7_110 | chr15:32443815-32445737(+); RG7 | NFC:RG7_110 | chr15:32443815-32446498(-); RG7 | NFC:RG7_110 | chr15_KI270905v1_alt:4817172-4819855(+); RG7 | NFC:RG7_139 | chr15:30144870-30148323(+); RG7 | NFC:RG7_139 | chr15:32390024-32393477(-); RG7 | NFC:RG7_139 | chr15:32442350-32445737(+); RG7 | NFC:RG7_139 | chr15:32442350-32445803(+); RG7 | NFC:RG7_139 | chr15:32442351-32445735(+); RG7 | NFC:RG7_139 | chr15:32442351-32445737(+); RG7 | NFC:RG7_139 | chr15:32442351-32445804(-); RG7 | NFC:RG7_139 | chr15_KI270905v1_alt:4817866-4821319(+); RG7 | NFC:RG7_149 | chr15:30144865-30148436(+); RG7 | NFC:RG7_149 | chr15:30144870-30148323(+); RG7 | NFC:RG7_149 | chr15:32389911-32393477(+); RG7 | NFC:RG7_149 | chr15:32389914-32393487(+); RG7 | NFC:RG7_149 | chr15:32389914-32393487(-); RG7 | NFC:RG7_149 | chr15:32390024-32393477(-); RG7 | NFC:RG7_149 | chr15:32442238-32445736(-); RG7 | NFC:RG7_149 | chr15:32442238-32445737(+); RG7 | NFC:RG7_149 | chr15:32442239-32445811(+); RG7 | NFC:RG7_149 | chr15:32442240-32445737(+); RG7 | NFC:RG7_149 | chr15:32442351-32445735(+); RG7 | NFC:RG7_149 | chr15:32442351-32445812(-); RG7 | NFC:RG7_149 | chr15_KI270905v1_alt:4817858-4821431(+); RG7 | NFC:RG7_150 | chr15:30144867-30148900(+); RG7 | NFC:RG7_150 | chr15:30144868-30148434(+); RG7 | NFC:RG7_150 | chr15:30144869-30148433(-); RG7 | NFC:RG7_150 | chr15:30144869-30148434(-); RG7 | NFC:RG7_150 | chr15:30144870-30148323(+); RG7 | NFC:RG7_150 | chr15:32389444-32393477(+); RG7 | NFC:RG7_150 | chr15:32390024-32393477(-); RG7 | NFC:RG7_150 | chr15:32442239-32445737(+); RG7 | NFC:RG7_150 | chr15:32442239-32445804(+); RG7 | NFC:RG7_150 | chr15:32442240-32445737(+); RG7 | NFC:RG7_150 | chr15:32442351-32445805(-); RG7 | NFC:RG7_150 | chr15_KI270905v1_alt:4817865-4821898(+); RG7 | NFC:RG7_151 | chr15:30144937-30148322(+); RG7 | NFC:RG7_151 | chr15:30144937-30148322(-); RG7 | NFC:RG7_151 | chr15:30144937-30148323(+); RG7 | NFC:RG7_151 | chr15:32390023-32393409(+); RG7 | NFC:RG7_151 | chr15:32390024-32393409(+); RG7 | NFC:RG7_151 | chr15:32390024-32393410(-); RG7 | NFC:RG7_151 | chr15:32442350-32445736(+); RG7 | NFC:RG7_151 | chr15:32442351-32445735(+); RG7 | NFC:RG7_151 | chr15:32442351-32445736(+); RG7 | NFC:RG7_151 | chr15:32442351-32445737(-); RG7 | NFC:RG7_151 | chr15_KI270905v1_alt:4817933-4821319(+); RG7 | NFC:RG7_152 | chr15:30144939-30148323(+); RG7 | NFC:RG7_152 | chr15:30144944-30148328(+); RG7 | NFC:RG7_152 | chr15:30144944-30148328(-); RG7 | NFC:RG7_152 | chr15:32390023-32393407(+); RG7 | NFC:RG7_152 | chr15:32390024-32393408(+); RG7 | NFC:RG7_152 | chr15:32390024-32393408(-); RG7 | NFC:RG7_152 | chr15:32442350-32445734(+); RG7 | NFC:RG7_152 | chr15:32442351-32445735(+); RG7 | NFC:RG7_152 | chr15:32442351-32445735(-); RG7 | NFC:RG7_152 | chr15_KI270905v1_alt:4817935-4821319(+); RG7 | NFC:RG7_153 | chr15:30144934-30148431(+); RG7 | NFC:RG7_153 | chr15:30144936-30148323(+); RG7 | NFC:RG7_153 | chr15:30144936-30148433(+); RG7 | NFC:RG7_153 | chr15:30144936-30148433(-); RG7 | NFC:RG7_153 | chr15:30144939-30148436(+); RG7 | NFC:RG7_153 | chr15:30144944-30148328(+); RG7 | NFC:RG7_153 | chr15:30144944-30148328(-); RG7 | NFC:RG7_153 | chr15:32389913-32393410(+); RG7 | NFC:RG7_153 | chr15:32389913-32393410(-); RG7 | NFC:RG7_153 | chr15:32389916-32393413(+); RG7 | NFC:RG7_153 | chr15:32389916-32393413(-); RG7 | NFC:RG7_153 | chr15:32390024-32393408(+); RG7 | NFC:RG7_153 | chr15:32390024-32393411(-); RG7 | NFC:RG7_153 | chr15:32442240-32445737(+); RG7 | NFC:RG7_153 | chr15:32442351-32445738(-); RG7 | NFC:RG7_153 | chr15_KI270905v1_alt:4817932-4821429(+); RG7 | NFC:RG7_154 | chr15:30144936-30148429(+); RG7 | NFC:RG7_154 | chr15:30144937-30148322(+); RG7 | NFC:RG7_154 | chr15:30144937-30148322(-); RG7 | NFC:RG7_154 | chr15:30144938-30148323(+); RG7 | NFC:RG7_154 | chr15:30144938-30148431(+); RG7 | NFC:RG7_154 | chr15:30144938-30148431(-); RG7 | NFC:RG7_154 | chr15:30144941-30148434(+); RG7 | NFC:RG7_154 | chr15:30144944-30148432(-); RG7 | NFC:RG7_154 | chr15:30144944-30148433(+); RG7 | NFC:RG7_154 | chr15:32389915-32393408(+); RG7 | NFC:RG7_154 | chr15:32389918-32393411(+); RG7 | NFC:RG7_154 | chr15:32389918-32393411(-); RG7 | NFC:RG7_154 | chr15:32390024-32393409(-); RG7 | NFC:RG7_154 | chr15:32442242-32445735(+); RG7 | NFC:RG7_154 | chr15:32442351-32445736(-); RG7 | NFC:RG7_154 | chr15_KI270905v1_alt:4817934-4821427(+); RG7 | NFC:RG7_63 | chr15:30144870-30148323(+); RG7 | NFC:RG7_63 | chr15:32389444-32393477(+); RG7 | NFC:RG7_63 | chr15:32390024-32393477(-); RG7 | NFC:RG7_63 | chr15:32442239-32450535(+); RG7 | NFC:RG7_63 | chr15:32442240-32445737(+); RG7 | NFC:RG7_63 | chr15:32442351-32445735(+); RG7 | NFC:RG7_63 | chr15:32442351-32450534(-); RG7 | NFC:RG7_63 | chr15_KI270905v1_alt:4802940-4835961(+)	RG7	RG7_101; RG7_102; RG7_104; RG7_105; RG7_110; RG7_139; RG7_149; RG7_150; RG7_151; RG7_152; RG7_153; RG7_154; RG7_63	RG7_101; RG7_102; RG7_104; RG7_105; RG7_110; RG7_139; RG7_149; RG7_150; RG7_151; RG7_152; RG7_153; RG7_154; RG7_63	n=7; HISEQ1:19:H8VDAADXX:1:2209:10562:30738; HISEQ1:21:H9V1VADXX:2:1114:9689:74014; HISEQ1:22:H9UJNADXX:1:1115:18990:80681; HISEQ1:23:H9UD5ADXX:1:2201:19437:31454; HISEQ1:24:H9TKDADXX:1:2203:20241:88045; HISEQ1:28:HA2RLADXX:2:1206:15259:94518; HISEQ1:29:HA2WPADXX:2:1204:8496:72194	n=35; HISEQ1:18:H8VC6ADXX:2:1208:18819:93506; HISEQ1:19:H8VDAADXX:1:2209:10562:30738; HISEQ1:20:H9V1RADXX:1:1214:5809:54633; HISEQ1:20:H9V1RADXX:2:1213:19407:80155; HISEQ1:20:H9V1RADXX:2:1216:2826:30570; HISEQ1:21:H9V1VADXX:1:1203:11934:18567; HISEQ1:21:H9V1VADXX:2:1114:9689:74014; HISEQ1:22:H9UJNADXX:1:1115:18990:80681; HISEQ1:22:H9UJNADXX:1:1211:19865:12731; HISEQ1:22:H9UJNADXX:2:1106:16239:81200; HISEQ1:22:H9UJNADXX:2:2110:3057:6752; HISEQ1:23:H9UD5ADXX:1:2201:19437:31454; HISEQ1:23:H9UD5ADXX:2:2106:7922:73280; HISEQ1:23:H9UD5ADXX:2:2215:2892:101244; HISEQ1:24:H9TKDADXX:1:1103:5101:33795; HISEQ1:24:H9TKDADXX:1:2104:19990:84863; HISEQ1:24:H9TKDADXX:1:2110:13524:100209; HISEQ1:24:H9TKDADXX:1:2113:17699:2630; HISEQ1:24:H9TKDADXX:1:2203:20241:88045; HISEQ1:25:H9UD6ADXX:1:1116:9285:17267; HISEQ1:25:H9UD6ADXX:2:1208:15749:44775; HISEQ1:26:HA2RRADXX:1:1111:18057:73669; HISEQ1:26:HA2RRADXX:2:1109:19792:53900; HISEQ1:26:HA2RRADXX:2:1203:9013:18218; HISEQ1:26:HA2RRADXX:2:2116:4168:57088; HISEQ1:27:HA2TEADXX:1:2110:17849:32743; HISEQ1:27:HA2TEADXX:2:1109:15973:56355; HISEQ1:27:HA2TEADXX:2:1113:12009:89804; HISEQ1:28:HA2RLADXX:1:1205:2960:95487; HISEQ1:28:HA2RLADXX:1:2207:17024:19318; HISEQ1:28:HA2RLADXX:2:1206:15259:94518; HISEQ1:28:HA2RLADXX:2:2105:9547:34068; HISEQ1:28:HA2RLADXX:2:2110:5417:24662; HISEQ1:29:HA2WPADXX:2:1204:8496:72194; HISEQ1:29:HA2WPADXX:2:2213:3083:31370	RG7: 7/300
hg38	chr15:32603707:C:T	RG7 | FC:RG7_101 | chr15:32598548-32606733(+); RG7 | FC:RG7_102 | chr15:32598547-32606844(-); RG7 | FC:RG7_104 | chr15:32599772-32606733(+); RG7 | FC:RG7_105 | chr15:32599771-32606844(-); RG7 | FC:RG7_110 | chr15:32602586-32605269(+); RG7 | FC:RG7_139 | chr15:32603280-32606733(+); RG7 | FC:RG7_149 | chr15:32603272-32606845(+); RG7 | FC:RG7_150 | chr15:32603279-32607312(-); RG7 | FC:RG7_151 | chr15:32603347-32606733(+); RG7 | FC:RG7_152 | chr15:32603349-32606733(+); RG7 | FC:RG7_153 | chr15:32603346-32606843(-); RG7 | FC:RG7_154 | chr15:32603348-32606841(-); RG7 | FC:RG7_63 | chr15:32588354-32621381(+)	RG7 | NFC:RG7_101 | chr15:32390023-32393477(+); RG7 | NFC:RG7_101 | chr15:32390024-32393410(+); RG7 | NFC:RG7_101 | chr15:32390024-32393477(-); RG7 | NFC:RG7_101 | chr15_KI270905v1_alt:4813134-4821319(+); RG7 | NFC:RG7_102 | chr15:32389912-32393410(+); RG7 | NFC:RG7_102 | chr15:32389912-32393477(+); RG7 | NFC:RG7_102 | chr15:32390024-32393477(-); RG7 | NFC:RG7_102 | chr15_KI270905v1_alt:4813133-4821430(+); RG7 | NFC:RG7_104 | chr15:32390023-32393410(+); RG7 | NFC:RG7_104 | chr15:32390023-32393477(+); RG7 | NFC:RG7_104 | chr15:32390024-32393477(+); RG7 | NFC:RG7_104 | chr15:32390024-32393477(-); RG7 | NFC:RG7_104 | chr15_KI270905v1_alt:4814358-4821319(+); RG7 | NFC:RG7_105 | chr15:32389912-32393410(+); RG7 | NFC:RG7_105 | chr15:32389912-32393477(+); RG7 | NFC:RG7_105 | chr15:32390024-32393477(-); RG7 | NFC:RG7_105 | chr15_KI270905v1_alt:4814357-4821430(+); RG7 | NFC:RG7_110 | chr15:32391487-32393410(+); RG7 | NFC:RG7_110 | chr15:32391487-32393477(+); RG7 | NFC:RG7_110 | chr15:32391488-32393476(-); RG7 | NFC:RG7_110 | chr15:32391488-32393477(+); RG7 | NFC:RG7_110 | chr15:32391488-32393477(-); RG7 | NFC:RG7_110 | chr15:32391489-32393478(-); RG7 | NFC:RG7_110 | chr15:32391489-32393479(+); RG7 | NFC:RG7_110 | chr15_KI270905v1_alt:4817172-4819855(+); RG7 | NFC:RG7_139 | chr15:32390024-32393477(-); RG7 | NFC:RG7_139 | chr15_KI270905v1_alt:4817866-4821319(+); RG7 | NFC:RG7_149 | chr15:32389911-32393477(+); RG7 | NFC:RG7_149 | chr15:32389914-32393487(+); RG7 | NFC:RG7_149 | chr15:32389914-32393487(-); RG7 | NFC:RG7_149 | chr15:32390024-32393477(-); RG7 | NFC:RG7_149 | chr15_KI270905v1_alt:4817858-4821431(+); RG7 | NFC:RG7_150 | chr15:32389444-32393477(+); RG7 | NFC:RG7_150 | chr15:32390024-32393477(-); RG7 | NFC:RG7_150 | chr15_KI270905v1_alt:4817865-4821898(+); RG7 | NFC:RG7_151 | chr15:32390023-32393409(+); RG7 | NFC:RG7_151 | chr15:32390024-32393409(+); RG7 | NFC:RG7_151 | chr15:32390024-32393410(-); RG7 | NFC:RG7_151 | chr15_KI270905v1_alt:4817933-4821319(+); RG7 | NFC:RG7_152 | chr15:32390023-32393407(+); RG7 | NFC:RG7_152 | chr15:32390024-32393408(+); RG7 | NFC:RG7_152 | chr15:32390024-32393408(-); RG7 | NFC:RG7_152 | chr15_KI270905v1_alt:4817935-4821319(+); RG7 | NFC:RG7_153 | chr15:32389913-32393410(+); RG7 | NFC:RG7_153 | chr15:32389913-32393410(-); RG7 | NFC:RG7_153 | chr15:32389916-32393413(+); RG7 | NFC:RG7_153 | chr15:32389916-32393413(-); RG7 | NFC:RG7_153 | chr15:32390024-32393408(+); RG7 | NFC:RG7_153 | chr15:32390024-32393411(-); RG7 | NFC:RG7_153 | chr15_KI270905v1_alt:4817932-4821429(+); RG7 | NFC:RG7_154 | chr15:32389915-32393408(+); RG7 | NFC:RG7_154 | chr15:32389918-32393411(+); RG7 | NFC:RG7_154 | chr15:32389918-32393411(-); RG7 | NFC:RG7_154 | chr15:32390024-32393409(-); RG7 | NFC:RG7_154 | chr15_KI270905v1_alt:4817934-4821427(+); RG7 | NFC:RG7_63 | chr15:32389444-32393477(+); RG7 | NFC:RG7_63 | chr15:32390024-32393477(-); RG7 | NFC:RG7_63 | chr15_KI270905v1_alt:4802940-4835961(+)	RG7	RG7_101; RG7_102; RG7_104; RG7_105; RG7_110; RG7_139; RG7_149; RG7_150; RG7_151; RG7_152; RG7_153; RG7_154; RG7_63	RG7_101; RG7_102; RG7_104; RG7_105; RG7_110; RG7_139; RG7_149; RG7_150; RG7_151; RG7_152; RG7_153; RG7_154; RG7_63	n=7; HISEQ1:19:H8VDAADXX:1:2209:10562:30738; HISEQ1:21:H9V1VADXX:2:1114:9689:74014; HISEQ1:22:H9UJNADXX:1:1115:18990:80681; HISEQ1:23:H9UD5ADXX:1:2201:19437:31454; HISEQ1:24:H9TKDADXX:1:2203:20241:88045; HISEQ1:28:HA2RLADXX:2:1206:15259:94518; HISEQ1:29:HA2WPADXX:2:1204:8496:72194	n=34; HISEQ1:18:H8VC6ADXX:1:1211:10174:43285; HISEQ1:18:H8VC6ADXX:2:1114:17001:88171; HISEQ1:18:H8VC6ADXX:2:2112:19975:40802; HISEQ1:19:H8VDAADXX:1:2209:10562:30738; HISEQ1:19:H8VDAADXX:2:1111:8296:93400; HISEQ1:19:H8VDAADXX:2:1211:3525:81946; HISEQ1:19:H8VDAADXX:2:2209:15325:3305; HISEQ1:20:H9V1RADXX:2:2114:1349:78695; HISEQ1:21:H9V1VADXX:2:1114:9689:74014; HISEQ1:21:H9V1VADXX:2:1207:11617:61718; HISEQ1:21:H9V1VADXX:2:2116:12350:76517; HISEQ1:22:H9UJNADXX:1:1115:18990:80681; HISEQ1:22:H9UJNADXX:1:1212:14760:96616; HISEQ1:22:H9UJNADXX:1:2101:6406:75859; HISEQ1:22:H9UJNADXX:1:2113:13602:97730; HISEQ1:22:H9UJNADXX:1:2208:15711:70144; HISEQ1:23:H9UD5ADXX:1:2201:19437:31454; HISEQ1:24:H9TKDADXX:1:1216:6413:20924; HISEQ1:24:H9TKDADXX:1:2113:4438:88648; HISEQ1:24:H9TKDADXX:1:2203:20241:88045; HISEQ1:25:H9UD6ADXX:1:1212:4864:59952; HISEQ1:25:H9UD6ADXX:1:2203:16808:45190; HISEQ1:25:H9UD6ADXX:1:2214:2215:78152; HISEQ1:25:H9UD6ADXX:2:2204:2782:65580; HISEQ1:26:HA2RRADXX:1:1208:10990:92292; HISEQ1:26:HA2RRADXX:1:2204:15673:85963; HISEQ1:27:HA2TEADXX:1:1106:17899:58266; HISEQ1:27:HA2TEADXX:1:2114:3733:30605; HISEQ1:28:HA2RLADXX:2:1102:16518:101008; HISEQ1:28:HA2RLADXX:2:1206:15259:94518; HISEQ1:28:HA2RLADXX:2:2101:1541:75283; HISEQ1:29:HA2WPADXX:2:1204:8496:72194; HISEQ1:29:HA2WPADXX:2:1215:13911:63286; HISEQ1:29:HA2WPADXX:2:2213:9920:28931	RG7: 7/306
hg38	chr16:18334892:G:A	RG13 | FC:RG13_19 | chr16:18323848-18341307(-); RG4 | FC:RG4_164 | chr16:18334320-18335210(+); RG4 | FC:RG4_165 | chr16:18334400-18335200(+)		RG13; RG4	RG13_19; RG4_164; RG4_165		n=1; HISEQ1:20:H9V1RADXX:2:2214:7606:84436	n=4; HISEQ1:20:H9V1RADXX:2:2214:7606:84436; HISEQ1:21:H9V1VADXX:2:1112:8393:26680; HISEQ1:21:H9V1VADXX:2:2202:10760:16329; HISEQ1:26:HA2RRADXX:1:1212:13533:22532	RG13: 1/131; RG4: 1/149
hg38	chr22:18913237:G:A	RG0 | FC:RG0_1803 | chr22:18911328-18917826(+)	RG0 | NFC:RG0_1803 | chr22_KI270734v1_random:136633-143130(+)	RG0	RG0_1803	RG0_1803	n=0	n=50; HISEQ1:18:H8VC6ADXX:1:1212:12215:59220; HISEQ1:18:H8VC6ADXX:2:1108:3843:94555; HISEQ1:20:H9V1RADXX:1:2116:18057:83165; HISEQ1:20:H9V1RADXX:2:1209:16452:29516; HISEQ1:21:H9V1VADXX:1:1116:19261:74747; HISEQ1:21:H9V1VADXX:1:1213:20928:74382; HISEQ1:21:H9V1VADXX:1:1216:9683:32633; HISEQ1:21:H9V1VADXX:1:2201:10278:23419; HISEQ1:21:H9V1VADXX:2:2213:13721:96234; HISEQ1:21:H9V1VADXX:2:2215:8007:5583; HISEQ1:22:H9UJNADXX:2:1103:14905:92634; HISEQ1:22:H9UJNADXX:2:2101:1848:16028; HISEQ1:23:H9UD5ADXX:1:2102:16131:20663; HISEQ1:23:H9UD5ADXX:1:2214:19562:55004; HISEQ1:23:H9UD5ADXX:2:1112:6437:53172; HISEQ1:23:H9UD5ADXX:2:1216:1060:80751; HISEQ1:23:H9UD5ADXX:2:2114:14449:25799; HISEQ1:24:H9TKDADXX:1:1110:3026:82830; HISEQ1:24:H9TKDADXX:1:1114:5819:29950; HISEQ1:25:H9UD6ADXX:1:1210:17974:58169; HISEQ1:25:H9UD6ADXX:1:2210:16736:91140; HISEQ1:25:H9UD6ADXX:1:2211:13080:20914; HISEQ1:25:H9UD6ADXX:1:2216:19000:39245; HISEQ1:25:H9UD6ADXX:2:1209:16566:85151; HISEQ1:25:H9UD6ADXX:2:1210:5707:12599; HISEQ1:25:H9UD6ADXX:2:1215:15982:88042; HISEQ1:26:HA2RRADXX:2:1201:1379:83082; HISEQ1:26:HA2RRADXX:2:1201:19281:68636; HISEQ1:26:HA2RRADXX:2:1213:2560:57424; HISEQ1:26:HA2RRADXX:2:2109:11086:68231; HISEQ1:27:HA2TEADXX:1:1106:6807:96375; HISEQ1:27:HA2TEADXX:1:1203:3782:74616; HISEQ1:27:HA2TEADXX:1:2109:4924:100886; HISEQ1:27:HA2TEADXX:1:2210:11869:44662; HISEQ1:27:HA2TEADXX:2:1106:10766:7430; HISEQ1:27:HA2TEADXX:2:1207:3765:86001; HISEQ1:27:HA2TEADXX:2:2108:2117:77680; HISEQ1:28:HA2RLADXX:1:1101:13432:56178; HISEQ1:28:HA2RLADXX:1:1112:14563:46820; HISEQ1:28:HA2RLADXX:1:1202:19968:98572; HISEQ1:28:HA2RLADXX:1:2214:10818:74527; HISEQ1:28:HA2RLADXX:2:1103:6810:43031; HISEQ1:28:HA2RLADXX:2:2201:1251:15618; HISEQ1:29:HA2WPADXX:1:2102:11459:48563; HISEQ1:29:HA2WPADXX:1:2112:8564:35552; HISEQ1:29:HA2WPADXX:1:2205:17103:15172; HISEQ1:29:HA2WPADXX:2:2104:12780:22493; HISEQ1:29:HA2WPADXX:2:2109:5177:98713; HISEQ1:29:HA2WPADXX:2:2208:17690:87539; HISEQ1:29:HA2WPADXX:2:2210:8521:12548	
hg38	chr22:23317677:C:T	RG0 | FC:RG0_847 | chr22:23315689-23318454(+); RG0 | FC:RG0_848 | chr22:23315689-23318736(+); RG0 | FC:RG0_870 | chr22:23315689-23318588(+); RG0 | FC:RG0_871 | chr22:23315689-23318750(+); RG0 | FC:RG0_908 | chr22:23316614-23318447(-); RG0 | FC:RG0_909 | chr22:23316615-23318448(+); RG0 | FC:RG0_949 | chr22:23316895-23318750(+); RG0 | FC:RG0_950 | chr22:23317157-23318442(-); RG0 | FC:RG0_951 | chr22:23317182-23320077(-); RG0 | FC:RG0_952 | chr22:23317158-23318443(+); RG0 | FC:RG0_953 | chr22:23317215-23320078(+)	RG0 | NFC:RG0_847 | chr20:23994158-23995991(-); RG0 | NFC:RG0_847 | chr20:23994159-23995992(+); RG0 | NFC:RG0_847 | chr22:22636325-22639090(+); RG0 | NFC:RG0_848 | chr20:23994158-23995991(-); RG0 | NFC:RG0_848 | chr20:23994159-23995992(+); RG0 | NFC:RG0_848 | chr22:22636325-22639090(+); RG0 | NFC:RG0_870 | chr20:23994158-23995991(-); RG0 | NFC:RG0_870 | chr20:23994159-23995992(+); RG0 | NFC:RG0_870 | chr22:22636325-22639090(+); RG0 | NFC:RG0_870 | chr22:22636325-22639224(+); RG0 | NFC:RG0_871 | chr20:23994158-23995991(-); RG0 | NFC:RG0_871 | chr20:23994159-23995992(+); RG0 | NFC:RG0_871 | chr22:22636325-22639090(+); RG0 | NFC:RG0_908 | chr20:23994159-23995992(+); RG0 | NFC:RG0_908 | chr22:22637250-22639083(+); RG0 | NFC:RG0_909 | chr20:23994158-23995991(-); RG0 | NFC:RG0_909 | chr22:22637251-22639084(+); RG0 | NFC:RG0_949 | chr20:23994158-23995711(-); RG0 | NFC:RG0_949 | chr20:23994159-23995711(+); RG0 | NFC:RG0_949 | chr22:22637531-22639090(+); RG0 | NFC:RG0_949 | chr22:22637531-22639224(+); RG0 | NFC:RG0_950 | chr20:23994164-23995449(+); RG0 | NFC:RG0_950 | chr20:23994164-23995449(-); RG0 | NFC:RG0_950 | chr22:22637793-22639078(+); RG0 | NFC:RG0_951 | chr20:23994158-23995424(-); RG0 | NFC:RG0_951 | chr20:23994159-23995424(+); RG0 | NFC:RG0_951 | chr22:22637818-22639079(+); RG0 | NFC:RG0_952 | chr20:23994163-23995448(+); RG0 | NFC:RG0_952 | chr20:23994163-23995448(-); RG0 | NFC:RG0_952 | chr22:22637794-22639079(+); RG0 | NFC:RG0_953 | chr20:23994158-23995391(-); RG0 | NFC:RG0_953 | chr20:23994159-23995391(+); RG0 | NFC:RG0_953 | chr22:22637851-22639079(+)	RG0	RG0_847; RG0_848; RG0_870; RG0_871; RG0_908; RG0_909; RG0_949; RG0_950; RG0_951; RG0_952; RG0_953	RG0_847; RG0_848; RG0_870; RG0_871; RG0_908; RG0_909; RG0_949; RG0_950; RG0_951; RG0_952; RG0_953	n=10; HISEQ1:19:H8VDAADXX:2:2212:11773:52592; HISEQ1:20:H9V1RADXX:2:1210:12649:22343; HISEQ1:21:H9V1VADXX:2:2102:12682:56617; HISEQ1:25:H9UD6ADXX:1:2215:20148:41918; HISEQ1:25:H9UD6ADXX:2:2114:18711:50983; HISEQ1:26:HA2RRADXX:2:2206:11687:51834; HISEQ1:27:HA2TEADXX:1:2216:1242:9318; HISEQ1:29:HA2WPADXX:2:1212:13804:45873; HISEQ1:29:HA2WPADXX:2:2115:2701:15093; HISEQ1:29:HA2WPADXX:2:2215:19292:38933	n=70; HISEQ1:18:H8VC6ADXX:1:2113:13501:70774; HISEQ1:18:H8VC6ADXX:2:1107:9496:64323; HISEQ1:18:H8VC6ADXX:2:1110:4415:92918; HISEQ1:18:H8VC6ADXX:2:1209:16519:17133; HISEQ1:18:H8VC6ADXX:2:2102:15143:61418; HISEQ1:18:H8VC6ADXX:2:2216:8727:61709; HISEQ1:19:H8VDAADXX:1:2213:7089:40923; HISEQ1:19:H8VDAADXX:2:1204:14133:37115; HISEQ1:19:H8VDAADXX:2:2203:13369:76290; HISEQ1:19:H8VDAADXX:2:2212:11773:52592; HISEQ1:20:H9V1RADXX:1:1111:2559:79984; HISEQ1:20:H9V1RADXX:1:1207:16706:39243; HISEQ1:20:H9V1RADXX:1:2215:19231:3138; HISEQ1:20:H9V1RADXX:2:1210:12649:22343; HISEQ1:21:H9V1VADXX:1:2101:15429:37349; HISEQ1:21:H9V1VADXX:2:1116:5804:74164; HISEQ1:21:H9V1VADXX:2:1201:17572:27599; HISEQ1:21:H9V1VADXX:2:2102:12682:56617; HISEQ1:21:H9V1VADXX:2:2113:13012:51460; HISEQ1:22:H9UJNADXX:1:1108:1858:33531; HISEQ1:22:H9UJNADXX:2:1207:3232:17476; HISEQ1:22:H9UJNADXX:2:1213:4120:62058; HISEQ1:22:H9UJNADXX:2:1215:2070:3908; HISEQ1:22:H9UJNADXX:2:2203:3053:86242; HISEQ1:23:H9UD5ADXX:1:1204:7555:48676; HISEQ1:23:H9UD5ADXX:1:1212:8731:75820; HISEQ1:23:H9UD5ADXX:2:1213:8464:79637; HISEQ1:23:H9UD5ADXX:2:2115:11268:46171; HISEQ1:23:H9UD5ADXX:2:2210:11461:45955; HISEQ1:24:H9TKDADXX:1:2110:5928:43674; HISEQ1:24:H9TKDADXX:2:1210:15753:13761; HISEQ1:25:H9UD6ADXX:1:1201:1656:78601; HISEQ1:25:H9UD6ADXX:1:2109:20113:88459; HISEQ1:25:H9UD6ADXX:1:2213:8069:29782; HISEQ1:25:H9UD6ADXX:1:2215:20148:41918; HISEQ1:25:H9UD6ADXX:2:2114:18711:50983; HISEQ1:26:HA2RRADXX:1:2114:15048:78384; HISEQ1:26:HA2RRADXX:1:2208:15785:4322; HISEQ1:26:HA2RRADXX:1:2211:4268:52853; HISEQ1:26:HA2RRADXX:2:1204:6203:23966; HISEQ1:26:HA2RRADXX:2:1205:18321:5056; HISEQ1:26:HA2RRADXX:2:1216:11090:75576; HISEQ1:26:HA2RRADXX:2:2115:18622:97858; HISEQ1:26:HA2RRADXX:2:2206:11687:51834; HISEQ1:26:HA2RRADXX:2:2208:14026:69355; HISEQ1:27:HA2TEADXX:1:1204:20461:60097; HISEQ1:27:HA2TEADXX:1:2112:15694:60818; HISEQ1:27:HA2TEADXX:1:2216:1242:9318; HISEQ1:27:HA2TEADXX:2:1206:7599:59350; HISEQ1:27:HA2TEADXX:2:1213:3791:2059; HISEQ1:27:HA2TEADXX:2:2110:15427:92307; HISEQ1:28:HA2RLADXX:1:1101:19716:87636; HISEQ1:28:HA2RLADXX:1:1108:14843:74960; HISEQ1:28:HA2RLADXX:1:1206:20401:96771; HISEQ1:28:HA2RLADXX:1:2213:3419:91598; HISEQ1:28:HA2RLADXX:1:2214:14036:81655; HISEQ1:28:HA2RLADXX:2:2110:13942:80828; HISEQ1:28:HA2RLADXX:2:2112:2226:40510; HISEQ1:28:HA2RLADXX:2:2206:8932:73785; HISEQ1:29:HA2WPADXX:1:1103:11126:16964; HISEQ1:29:HA2WPADXX:1:1216:16518:64978; HISEQ1:29:HA2WPADXX:2:1209:13209:21325; HISEQ1:29:HA2WPADXX:2:1211:12641:79450; HISEQ1:29:HA2WPADXX:2:1212:13804:45873; HISEQ1:29:HA2WPADXX:2:2101:14519:63719; HISEQ1:29:HA2WPADXX:2:2112:16898:84622; HISEQ1:29:HA2WPADXX:2:2115:2701:15093; HISEQ1:29:HA2WPADXX:2:2202:14882:49608; HISEQ1:29:HA2WPADXX:2:2207:19384:38146; HISEQ1:29:HA2WPADXX:2:2215:19292:38933	RG0: 11/247
hg19	chr1:207743256:G:T	RG3 | FC:RG3_607 | chr1:207741485-207747089(+)	RG3 | NFC:RG3_607 | chr1:207705835-207711438(+); RG3 | NFC:RG3_607 | chr1:207724390-207729993(+)	RG3	RG3_607	RG3_607	n=23; HISEQ1:18:H8VC6ADXX:2:1113:17032:73511; HISEQ1:18:H8VC6ADXX:2:2108:12633:93886; HISEQ1:19:H8VDAADXX:1:2204:13956:43151; HISEQ1:19:H8VDAADXX:2:1115:9346:14897; HISEQ1:19:H8VDAADXX:2:2110:5955:28950; HISEQ1:20:H9V1RADXX:2:1204:5015:27307; HISEQ1:20:H9V1RADXX:2:2107:15537:45887; HISEQ1:21:H9V1VADXX:2:2203:8343:28790; HISEQ1:22:H9UJNADXX:1:1114:8633:22037; HISEQ1:22:H9UJNADXX:2:1110:13673:28536; HISEQ1:23:H9UD5ADXX:2:1103:3383:38540; HISEQ1:23:H9UD5ADXX:2:2108:10036:18650; HISEQ1:23:H9UD5ADXX:2:2203:12482:34905; HISEQ1:25:H9UD6ADXX:1:1205:17593:24993; HISEQ1:25:H9UD6ADXX:1:1213:13234:56903; HISEQ1:25:H9UD6ADXX:1:2203:1192:8389; HISEQ1:25:H9UD6ADXX:2:2104:16486:53202; HISEQ1:27:HA2TEADXX:2:2103:20402:39593; HISEQ1:28:HA2RLADXX:1:1113:12969:23178; HISEQ1:29:HA2WPADXX:1:1116:14502:73702; HISEQ1:29:HA2WPADXX:1:2116:5092:71925; HISEQ1:29:HA2WPADXX:1:2210:14658:66178; HISEQ1:29:HA2WPADXX:2:1205:3263:32626	n=155; HISEQ1:18:H8VC6ADXX:1:1210:12631:49745; HISEQ1:18:H8VC6ADXX:1:1210:6177:27559; HISEQ1:18:H8VC6ADXX:1:1215:13794:24556; HISEQ1:18:H8VC6ADXX:1:2115:18097:58863; HISEQ1:18:H8VC6ADXX:2:1113:17032:73511; HISEQ1:18:H8VC6ADXX:2:1201:9642:85516; HISEQ1:18:H8VC6ADXX:2:1206:2756:47027; HISEQ1:18:H8VC6ADXX:2:1212:20781:53335; HISEQ1:18:H8VC6ADXX:2:2108:12633:93886; HISEQ1:18:H8VC6ADXX:2:2109:10428:52691; HISEQ1:18:H8VC6ADXX:2:2115:16345:90316; HISEQ1:18:H8VC6ADXX:2:2205:3607:19842; HISEQ1:18:H8VC6ADXX:2:2208:6988:100757; HISEQ1:18:H8VC6ADXX:2:2211:19721:28823; HISEQ1:19:H8VDAADXX:1:2107:1159:35369; HISEQ1:19:H8VDAADXX:1:2204:13956:43151; HISEQ1:19:H8VDAADXX:1:2210:2930:69626; HISEQ1:19:H8VDAADXX:2:1112:21207:20070; HISEQ1:19:H8VDAADXX:2:1115:9346:14897; HISEQ1:19:H8VDAADXX:2:1208:8767:41140; HISEQ1:19:H8VDAADXX:2:1209:11385:73212; HISEQ1:19:H8VDAADXX:2:2110:5955:28950; HISEQ1:19:H8VDAADXX:2:2111:7743:75945; HISEQ1:19:H8VDAADXX:2:2214:19305:56429; HISEQ1:19:H8VDAADXX:2:2216:12020:24306; HISEQ1:20:H9V1RADXX:1:1213:17417:44022; HISEQ1:20:H9V1RADXX:1:2115:11729:51811; HISEQ1:20:H9V1RADXX:1:2209:4061:74792; HISEQ1:20:H9V1RADXX:1:2216:2869:82797; HISEQ1:20:H9V1RADXX:2:1113:2952:50873; HISEQ1:20:H9V1RADXX:2:1204:5015:27307; HISEQ1:20:H9V1RADXX:2:2103:12769:40147; HISEQ1:20:H9V1RADXX:2:2107:15537:45887; HISEQ1:20:H9V1RADXX:2:2208:5140:38854; HISEQ1:21:H9V1VADXX:1:1104:5420:28516; HISEQ1:21:H9V1VADXX:1:1106:15115:86466; HISEQ1:21:H9V1VADXX:1:1114:13838:54700; HISEQ1:21:H9V1VADXX:1:1204:13451:76000; HISEQ1:21:H9V1VADXX:1:1212:2429:25516; HISEQ1:21:H9V1VADXX:1:2104:2925:28088; HISEQ1:21:H9V1VADXX:1:2105:7115:5654; HISEQ1:21:H9V1VADXX:1:2202:17939:48084; HISEQ1:21:H9V1VADXX:1:2208:7498:12574; HISEQ1:21:H9V1VADXX:2:1112:12547:99763; HISEQ1:21:H9V1VADXX:2:1207:10561:76476; HISEQ1:21:H9V1VADXX:2:1214:5364:99626; HISEQ1:21:H9V1VADXX:2:1215:9186:62122; HISEQ1:21:H9V1VADXX:2:2115:1855:41882; HISEQ1:21:H9V1VADXX:2:2203:8343:28790; HISEQ1:21:H9V1VADXX:2:2209:13271:16790; HISEQ1:22:H9UJNADXX:1:1114:8633:22037; HISEQ1:22:H9UJNADXX:1:1212:9778:83554; HISEQ1:22:H9UJNADXX:1:2108:15526:88864; HISEQ1:22:H9UJNADXX:1:2110:6861:39114; HISEQ1:22:H9UJNADXX:1:2201:5544:37370; HISEQ1:22:H9UJNADXX:2:1101:20867:56051; HISEQ1:22:H9UJNADXX:2:1110:13673:28536; HISEQ1:22:H9UJNADXX:2:1112:14713:66738; HISEQ1:22:H9UJNADXX:2:1210:9769:68440; HISEQ1:22:H9UJNADXX:2:2110:6879:44234; HISEQ1:22:H9UJNADXX:2:2203:13222:24741; HISEQ1:22:H9UJNADXX:2:2207:19049:53439; HISEQ1:22:H9UJNADXX:2:2209:10307:44292; HISEQ1:23:H9UD5ADXX:1:1204:14164:59764; HISEQ1:23:H9UD5ADXX:1:1207:13866:33641; HISEQ1:23:H9UD5ADXX:1:1211:7123:64471; HISEQ1:23:H9UD5ADXX:1:2106:13867:16227; HISEQ1:23:H9UD5ADXX:2:1103:3383:38540; HISEQ1:23:H9UD5ADXX:2:1205:1263:69099; HISEQ1:23:H9UD5ADXX:2:2103:15889:51375; HISEQ1:23:H9UD5ADXX:2:2103:19261:2988; HISEQ1:23:H9UD5ADXX:2:2107:18324:20073; HISEQ1:23:H9UD5ADXX:2:2108:10036:18650; HISEQ1:23:H9UD5ADXX:2:2114:4742:81473; HISEQ1:23:H9UD5ADXX:2:2203:12482:34905; HISEQ1:23:H9UD5ADXX:2:2203:7800:45979; HISEQ1:24:H9TKDADXX:1:1110:2569:94171; HISEQ1:24:H9TKDADXX:1:1203:5281:99418; HISEQ1:24:H9TKDADXX:1:1210:14406:64069; HISEQ1:24:H9TKDADXX:1:2101:4300:5844; HISEQ1:24:H9TKDADXX:1:2107:7723:32025; HISEQ1:24:H9TKDADXX:1:2216:8450:49747; HISEQ1:24:H9TKDADXX:2:1102:14731:53107; HISEQ1:24:H9TKDADXX:2:1104:18048:31167; HISEQ1:24:H9TKDADXX:2:1106:17115:98784; HISEQ1:24:H9TKDADXX:2:1215:15649:24466; HISEQ1:25:H9UD6ADXX:1:1101:20726:38147; HISEQ1:25:H9UD6ADXX:1:1205:17593:24993; HISEQ1:25:H9UD6ADXX:1:1209:18766:96179; HISEQ1:25:H9UD6ADXX:1:1213:13234:56903; HISEQ1:25:H9UD6ADXX:1:2111:6333:64347; HISEQ1:25:H9UD6ADXX:1:2203:1192:8389; HISEQ1:25:H9UD6ADXX:2:1103:1258:93733; HISEQ1:25:H9UD6ADXX:2:1113:18298:28912; HISEQ1:25:H9UD6ADXX:2:1113:20771:49334; HISEQ1:25:H9UD6ADXX:2:1211:10927:29537; HISEQ1:25:H9UD6ADXX:2:2101:6240:9665; HISEQ1:25:H9UD6ADXX:2:2104:13469:77491; HISEQ1:25:H9UD6ADXX:2:2104:16486:53202; HISEQ1:25:H9UD6ADXX:2:2107:10435:7030; HISEQ1:25:H9UD6ADXX:2:2210:14160:14361; HISEQ1:26:HA2RRADXX:1:1104:17073:44168; HISEQ1:26:HA2RRADXX:1:2111:3966:33052; HISEQ1:26:HA2RRADXX:1:2210:11287:34766; HISEQ1:26:HA2RRADXX:2:1112:3772:92709; HISEQ1:26:HA2RRADXX:2:1113:17126:82017; HISEQ1:26:HA2RRADXX:2:1205:11886:52208; HISEQ1:26:HA2RRADXX:2:2113:11756:5341; HISEQ1:27:HA2TEADXX:1:1101:5057:88483; HISEQ1:27:HA2TEADXX:1:1114:3612:41284; HISEQ1:27:HA2TEADXX:1:1205:21023:14676; HISEQ1:27:HA2TEADXX:1:1216:13320:32779; HISEQ1:27:HA2TEADXX:1:2202:15990:101368; HISEQ1:27:HA2TEADXX:1:2214:1901:46754; HISEQ1:27:HA2TEADXX:2:1206:4638:62724; HISEQ1:27:HA2TEADXX:2:1214:8128:77171; HISEQ1:27:HA2TEADXX:2:2103:20402:39593; HISEQ1:27:HA2TEADXX:2:2114:16174:17460; HISEQ1:27:HA2TEADXX:2:2206:2880:47615; HISEQ1:27:HA2TEADXX:2:2207:16311:66580; HISEQ1:27:HA2TEADXX:2:2214:5838:37325; HISEQ1:27:HA2TEADXX:2:2216:1961:63884; HISEQ1:28:HA2RLADXX:1:1104:3134:72295; HISEQ1:28:HA2RLADXX:1:1105:14958:98657; HISEQ1:28:HA2RLADXX:1:1109:16150:2708; HISEQ1:28:HA2RLADXX:1:1113:12969:23178; HISEQ1:28:HA2RLADXX:1:2107:7170:41119; HISEQ1:28:HA2RLADXX:1:2214:9906:98035; HISEQ1:28:HA2RLADXX:2:1107:12138:40598; HISEQ1:28:HA2RLADXX:2:1107:18615:55242; HISEQ1:28:HA2RLADXX:2:1111:6609:14529; HISEQ1:28:HA2RLADXX:2:1211:16906:92150; HISEQ1:28:HA2RLADXX:2:1214:19400:98335; HISEQ1:28:HA2RLADXX:2:1215:1224:39830; HISEQ1:28:HA2RLADXX:2:2114:21062:64516; HISEQ1:28:HA2RLADXX:2:2205:12055:61990; HISEQ1:28:HA2RLADXX:2:2207:4544:47785; HISEQ1:29:HA2WPADXX:1:1103:2196:35533; HISEQ1:29:HA2WPADXX:1:1106:19537:53196; HISEQ1:29:HA2WPADXX:1:1108:15806:27880; HISEQ1:29:HA2WPADXX:1:1116:14502:73702; HISEQ1:29:HA2WPADXX:1:1205:5907:54722; HISEQ1:29:HA2WPADXX:1:2109:3552:90573; HISEQ1:29:HA2WPADXX:1:2116:5092:71925; HISEQ1:29:HA2WPADXX:1:2203:20558:60687; HISEQ1:29:HA2WPADXX:1:2210:14658:66178; HISEQ1:29:HA2WPADXX:2:1107:13903:5515; HISEQ1:29:HA2WPADXX:2:1205:3263:32626; HISEQ1:29:HA2WPADXX:2:1216:2395:57288; HISEQ1:29:HA2WPADXX:2:2110:4657:93786; HISEQ1:29:HA2WPADXX:2:2110:8041:2260; HISEQ1:29:HA2WPADXX:2:2114:2195:34969; HISEQ1:29:HA2WPADXX:2:2204:1713:36749; HISEQ1:29:HA2WPADXX:2:2211:8388:51114; HISEQ1:29:HA2WPADXX:2:2215:17506:78368	RG3: 0/6
hg19	chr2:97784684:A:AC	RG0 | FC:RG0_2210 | chr2:97784446-97785534(+)	RG0 | FC:RG0_2216 | chr2:98200096-98201176(+)	RG0	RG0_2210	RG0_2216	n=68; HISEQ1:18:H8VC6ADXX:2:1114:18626:74458; HISEQ1:18:H8VC6ADXX:2:1213:11954:69142; HISEQ1:18:H8VC6ADXX:2:2206:3144:100184; HISEQ1:19:H8VDAADXX:1:1203:16546:15596; HISEQ1:19:H8VDAADXX:1:2204:10761:96964; HISEQ1:19:H8VDAADXX:2:1112:10719:89225; HISEQ1:19:H8VDAADXX:2:1206:10638:45615; HISEQ1:19:H8VDAADXX:2:1209:10959:26616; HISEQ1:19:H8VDAADXX:2:2202:12521:93056; HISEQ1:20:H9V1RADXX:1:1205:12877:97175; HISEQ1:20:H9V1RADXX:1:2106:13641:80854; HISEQ1:20:H9V1RADXX:1:2112:11884:61939; HISEQ1:20:H9V1RADXX:2:1108:2180:9419; HISEQ1:20:H9V1RADXX:2:1216:4042:94254; HISEQ1:20:H9V1RADXX:2:2202:19633:78306; HISEQ1:21:H9V1VADXX:1:1105:14939:88157; HISEQ1:21:H9V1VADXX:1:1203:12555:12526; HISEQ1:21:H9V1VADXX:1:1204:18876:65978; HISEQ1:21:H9V1VADXX:1:1206:15076:92250; HISEQ1:21:H9V1VADXX:1:2115:9337:71007; HISEQ1:21:H9V1VADXX:1:2209:8652:40636; HISEQ1:21:H9V1VADXX:2:1214:9861:19656; HISEQ1:21:H9V1VADXX:2:2212:12788:37427; HISEQ1:22:H9UJNADXX:2:2101:12008:35182; HISEQ1:22:H9UJNADXX:2:2113:17817:32700; HISEQ1:23:H9UD5ADXX:1:1201:3328:53700; HISEQ1:23:H9UD5ADXX:1:1209:8591:45856; HISEQ1:23:H9UD5ADXX:1:2212:20024:87909; HISEQ1:23:H9UD5ADXX:1:2212:3077:58037; HISEQ1:23:H9UD5ADXX:2:1114:4291:51668; HISEQ1:23:H9UD5ADXX:2:2207:10189:50962; HISEQ1:24:H9TKDADXX:1:1111:18683:48148; HISEQ1:24:H9TKDADXX:1:2103:2992:5106; HISEQ1:24:H9TKDADXX:1:2209:13462:95463; HISEQ1:24:H9TKDADXX:2:1114:7272:88650; HISEQ1:24:H9TKDADXX:2:1206:3500:88609; HISEQ1:24:H9TKDADXX:2:2201:6363:68225; HISEQ1:24:H9TKDADXX:2:2208:7575:60258; HISEQ1:25:H9UD6ADXX:1:1204:3095:47702; HISEQ1:25:H9UD6ADXX:1:2110:17420:42829; HISEQ1:25:H9UD6ADXX:1:2115:10269:19519; HISEQ1:25:H9UD6ADXX:2:1106:4171:13216; HISEQ1:25:H9UD6ADXX:2:2104:12021:33067; HISEQ1:26:HA2RRADXX:1:1105:6204:6910; HISEQ1:26:HA2RRADXX:1:1201:7345:60768; HISEQ1:26:HA2RRADXX:1:1202:2781:45800; HISEQ1:26:HA2RRADXX:1:2106:9682:34089; HISEQ1:26:HA2RRADXX:1:2204:12529:27370; HISEQ1:26:HA2RRADXX:1:2208:8940:66172; HISEQ1:26:HA2RRADXX:2:2215:10437:37062; HISEQ1:27:HA2TEADXX:1:1101:9430:6767; HISEQ1:27:HA2TEADXX:1:1103:15063:56095; HISEQ1:27:HA2TEADXX:1:2110:7680:14470; HISEQ1:27:HA2TEADXX:2:1102:2578:29612; HISEQ1:28:HA2RLADXX:1:1101:10423:100481; HISEQ1:28:HA2RLADXX:1:1202:8291:34577; HISEQ1:28:HA2RLADXX:1:2103:8330:36253; HISEQ1:28:HA2RLADXX:1:2107:16817:65007; HISEQ1:28:HA2RLADXX:1:2113:8828:84623; HISEQ1:28:HA2RLADXX:1:2204:2953:87101; HISEQ1:28:HA2RLADXX:2:2106:15138:76435; HISEQ1:28:HA2RLADXX:2:2114:2880:78840; HISEQ1:29:HA2WPADXX:1:1201:19685:10559; HISEQ1:29:HA2WPADXX:1:1206:5775:88525; HISEQ1:29:HA2WPADXX:1:2104:18988:22483; HISEQ1:29:HA2WPADXX:2:1106:18751:98532; HISEQ1:29:HA2WPADXX:2:1113:13510:47562; HISEQ1:29:HA2WPADXX:2:2114:7355:89182	n=383; HISEQ1:18:H8VC6ADXX:1:1101:9149:92834; HISEQ1:18:H8VC6ADXX:1:1104:15712:39018; HISEQ1:18:H8VC6ADXX:1:1109:9019:33035; HISEQ1:18:H8VC6ADXX:1:1201:18101:13500; HISEQ1:18:H8VC6ADXX:1:1209:9771:44031; HISEQ1:18:H8VC6ADXX:1:1211:20320:27481; HISEQ1:18:H8VC6ADXX:1:1211:4936:40806; HISEQ1:18:H8VC6ADXX:1:2104:7891:95549; HISEQ1:18:H8VC6ADXX:1:2107:16546:69757; HISEQ1:18:H8VC6ADXX:1:2107:8009:20388; HISEQ1:18:H8VC6ADXX:1:2108:12106:80582; HISEQ1:18:H8VC6ADXX:1:2109:4119:86208; HISEQ1:18:H8VC6ADXX:1:2111:7959:87847; HISEQ1:18:H8VC6ADXX:1:2112:5285:21867; HISEQ1:18:H8VC6ADXX:1:2114:10811:64073; HISEQ1:18:H8VC6ADXX:1:2116:6896:61569; HISEQ1:18:H8VC6ADXX:1:2201:15030:83369; HISEQ1:18:H8VC6ADXX:1:2206:9849:35435; HISEQ1:18:H8VC6ADXX:1:2208:15493:40974; HISEQ1:18:H8VC6ADXX:2:1103:2056:71162; HISEQ1:18:H8VC6ADXX:2:1108:18281:4873; HISEQ1:18:H8VC6ADXX:2:1114:10445:19650; HISEQ1:18:H8VC6ADXX:2:1114:18626:74458; HISEQ1:18:H8VC6ADXX:2:1116:9447:50219; HISEQ1:18:H8VC6ADXX:2:1211:14493:28583; HISEQ1:18:H8VC6ADXX:2:1212:16530:81684; HISEQ1:18:H8VC6ADXX:2:1212:4245:36218; HISEQ1:18:H8VC6ADXX:2:1213:11954:69142; HISEQ1:18:H8VC6ADXX:2:1216:4962:64915; HISEQ1:18:H8VC6ADXX:2:2112:18996:37391; HISEQ1:18:H8VC6ADXX:2:2113:11700:28213; HISEQ1:18:H8VC6ADXX:2:2201:10389:82766; HISEQ1:18:H8VC6ADXX:2:2204:13419:98385; HISEQ1:18:H8VC6ADXX:2:2206:3144:100184; HISEQ1:18:H8VC6ADXX:2:2210:11395:79218; HISEQ1:19:H8VDAADXX:1:1105:10373:82875; HISEQ1:19:H8VDAADXX:1:1109:21241:86031; HISEQ1:19:H8VDAADXX:1:1110:9748:54484; HISEQ1:19:H8VDAADXX:1:1201:20221:23292; HISEQ1:19:H8VDAADXX:1:1203:16546:15596; HISEQ1:19:H8VDAADXX:1:1212:19293:54439; HISEQ1:19:H8VDAADXX:1:2103:19064:15635; HISEQ1:19:H8VDAADXX:1:2204:10761:96964; HISEQ1:19:H8VDAADXX:1:2204:15811:96081; HISEQ1:19:H8VDAADXX:1:2208:16432:71227; HISEQ1:19:H8VDAADXX:1:2209:7677:91431; HISEQ1:19:H8VDAADXX:1:2211:18982:3732; HISEQ1:19:H8VDAADXX:1:2213:14374:9537; HISEQ1:19:H8VDAADXX:2:1101:9944:94945; HISEQ1:19:H8VDAADXX:2:1107:16568:49074; HISEQ1:19:H8VDAADXX:2:1107:9559:62084; HISEQ1:19:H8VDAADXX:2:1112:10719:89225; HISEQ1:19:H8VDAADXX:2:1113:3618:85005; HISEQ1:19:H8VDAADXX:2:1114:17805:35346; HISEQ1:19:H8VDAADXX:2:1206:10638:45615; HISEQ1:19:H8VDAADXX:2:1209:10959:26616; HISEQ1:19:H8VDAADXX:2:1214:18826:18644; HISEQ1:19:H8VDAADXX:2:2115:20258:80507; HISEQ1:19:H8VDAADXX:2:2202:12521:93056; HISEQ1:19:H8VDAADXX:2:2207:18665:42445; HISEQ1:19:H8VDAADXX:2:2210:4418:77305; HISEQ1:19:H8VDAADXX:2:2210:4775:34621; HISEQ1:20:H9V1RADXX:1:1105:11727:62454; HISEQ1:20:H9V1RADXX:1:1116:13770:75191; HISEQ1:20:H9V1RADXX:1:1201:19528:29059; HISEQ1:20:H9V1RADXX:1:1204:11095:91284; HISEQ1:20:H9V1RADXX:1:1204:17281:80006; HISEQ1:20:H9V1RADXX:1:1205:12877:97175; HISEQ1:20:H9V1RADXX:1:1210:10622:75515; HISEQ1:20:H9V1RADXX:1:2106:13641:80854; HISEQ1:20:H9V1RADXX:1:2108:14149:73728; HISEQ1:20:H9V1RADXX:1:2112:11884:61939; HISEQ1:20:H9V1RADXX:1:2113:19491:70194; HISEQ1:20:H9V1RADXX:1:2113:5358:38631; HISEQ1:20:H9V1RADXX:1:2114:5332:32208; HISEQ1:20:H9V1RADXX:1:2211:12257:62436; HISEQ1:20:H9V1RADXX:1:2212:15305:93627; HISEQ1:20:H9V1RADXX:1:2214:16353:35356; HISEQ1:20:H9V1RADXX:1:2215:6105:12615; HISEQ1:20:H9V1RADXX:1:2216:2370:59079; HISEQ1:20:H9V1RADXX:2:1108:2180:9419; HISEQ1:20:H9V1RADXX:2:1108:4112:57628; HISEQ1:20:H9V1RADXX:2:1112:17425:39150; HISEQ1:20:H9V1RADXX:2:1201:19328:86958; HISEQ1:20:H9V1RADXX:2:1205:15042:86100; HISEQ1:20:H9V1RADXX:2:1209:11266:41952; HISEQ1:20:H9V1RADXX:2:1216:4042:94254; HISEQ1:20:H9V1RADXX:2:2103:2779:3649; HISEQ1:20:H9V1RADXX:2:2106:11955:75871; HISEQ1:20:H9V1RADXX:2:2113:19827:9298; HISEQ1:20:H9V1RADXX:2:2202:19633:78306; HISEQ1:20:H9V1RADXX:2:2203:14731:99003; HISEQ1:20:H9V1RADXX:2:2203:7191:62622; HISEQ1:20:H9V1RADXX:2:2210:10004:32745; HISEQ1:20:H9V1RADXX:2:2212:9797:61725; HISEQ1:20:H9V1RADXX:2:2214:12907:13552; HISEQ1:21:H9V1VADXX:1:1102:10443:51539; HISEQ1:21:H9V1VADXX:1:1105:14939:88157; HISEQ1:21:H9V1VADXX:1:1105:8467:17997; HISEQ1:21:H9V1VADXX:1:1201:19031:28871; HISEQ1:21:H9V1VADXX:1:1203:12555:12526; HISEQ1:21:H9V1VADXX:1:1204:18876:65978; HISEQ1:21:H9V1VADXX:1:1206:15076:92250; HISEQ1:21:H9V1VADXX:1:1206:8480:74243; HISEQ1:21:H9V1VADXX:1:1216:9462:60653; HISEQ1:21:H9V1VADXX:1:2108:1754:91441; HISEQ1:21:H9V1VADXX:1:2111:3418:32256; HISEQ1:21:H9V1VADXX:1:2115:9337:71007; HISEQ1:21:H9V1VADXX:1:2116:11367:78111; HISEQ1:21:H9V1VADXX:1:2208:20686:8887; HISEQ1:21:H9V1VADXX:1:2209:8652:40636; HISEQ1:21:H9V1VADXX:1:2210:15298:99630; HISEQ1:21:H9V1VADXX:1:2210:19139:93595; HISEQ1:21:H9V1VADXX:2:1103:5553:72063; HISEQ1:21:H9V1VADXX:2:1111:15563:71891; HISEQ1:21:H9V1VADXX:2:1201:9692:28139; HISEQ1:21:H9V1VADXX:2:1209:7516:9545; HISEQ1:21:H9V1VADXX:2:1214:9861:19656; HISEQ1:21:H9V1VADXX:2:2108:9524:35918; HISEQ1:21:H9V1VADXX:2:2114:5150:92781; HISEQ1:21:H9V1VADXX:2:2201:3855:22403; HISEQ1:21:H9V1VADXX:2:2212:12788:37427; HISEQ1:21:H9V1VADXX:2:2213:4075:77269; HISEQ1:22:H9UJNADXX:1:1104:4410:21485; HISEQ1:22:H9UJNADXX:1:1107:4057:21363; HISEQ1:22:H9UJNADXX:1:1110:10014:91443; HISEQ1:22:H9UJNADXX:1:1111:11171:60745; HISEQ1:22:H9UJNADXX:1:1113:14446:19869; HISEQ1:22:H9UJNADXX:1:1116:19253:69668; HISEQ1:22:H9UJNADXX:1:1204:16807:62530; HISEQ1:22:H9UJNADXX:1:1204:2420:58797; HISEQ1:22:H9UJNADXX:1:1206:14401:73802; HISEQ1:22:H9UJNADXX:1:1206:17384:82374; HISEQ1:22:H9UJNADXX:1:1206:4648:93573; HISEQ1:22:H9UJNADXX:1:1210:14885:52878; HISEQ1:22:H9UJNADXX:1:1210:20137:29870; HISEQ1:22:H9UJNADXX:1:2103:7895:55627; HISEQ1:22:H9UJNADXX:1:2104:8347:63600; HISEQ1:22:H9UJNADXX:1:2108:9491:96277; HISEQ1:22:H9UJNADXX:1:2201:15397:42251; HISEQ1:22:H9UJNADXX:1:2202:13809:2487; HISEQ1:22:H9UJNADXX:1:2205:9987:88589; HISEQ1:22:H9UJNADXX:2:1108:11792:51388; HISEQ1:22:H9UJNADXX:2:1111:5404:50565; HISEQ1:22:H9UJNADXX:2:1111:8094:12634; HISEQ1:22:H9UJNADXX:2:1113:11442:82830; HISEQ1:22:H9UJNADXX:2:1202:19256:38589; HISEQ1:22:H9UJNADXX:2:1206:4743:17462; HISEQ1:22:H9UJNADXX:2:1212:1818:94061; HISEQ1:22:H9UJNADXX:2:2101:12008:35182; HISEQ1:22:H9UJNADXX:2:2104:8393:89709; HISEQ1:22:H9UJNADXX:2:2110:14682:77820; HISEQ1:22:H9UJNADXX:2:2111:8038:67022; HISEQ1:22:H9UJNADXX:2:2113:17817:32700; HISEQ1:22:H9UJNADXX:2:2207:3197:58956; HISEQ1:22:H9UJNADXX:2:2208:1661:42472; HISEQ1:22:H9UJNADXX:2:2209:20734:9837; HISEQ1:23:H9UD5ADXX:1:1102:9759:42861; HISEQ1:23:H9UD5ADXX:1:1103:10628:34705; HISEQ1:23:H9UD5ADXX:1:1110:11799:46862; HISEQ1:23:H9UD5ADXX:1:1112:2172:59889; HISEQ1:23:H9UD5ADXX:1:1116:17282:36876; HISEQ1:23:H9UD5ADXX:1:1201:3328:53700; HISEQ1:23:H9UD5ADXX:1:1207:4802:61317; HISEQ1:23:H9UD5ADXX:1:1209:8591:45856; HISEQ1:23:H9UD5ADXX:1:1210:7810:13802; HISEQ1:23:H9UD5ADXX:1:1212:7921:32827; HISEQ1:23:H9UD5ADXX:1:1213:7478:40950; HISEQ1:23:H9UD5ADXX:1:2111:3397:45326; HISEQ1:23:H9UD5ADXX:1:2112:19904:96078; HISEQ1:23:H9UD5ADXX:1:2203:5609:6264; HISEQ1:23:H9UD5ADXX:1:2206:19955:81834; HISEQ1:23:H9UD5ADXX:1:2208:12073:55995; HISEQ1:23:H9UD5ADXX:1:2211:12558:50349; HISEQ1:23:H9UD5ADXX:1:2212:20024:87909; HISEQ1:23:H9UD5ADXX:1:2212:3077:58037; HISEQ1:23:H9UD5ADXX:1:2216:8091:19885; HISEQ1:23:H9UD5ADXX:2:1103:17658:30898; HISEQ1:23:H9UD5ADXX:2:1111:3601:15720; HISEQ1:23:H9UD5ADXX:2:1113:12028:13806; HISEQ1:23:H9UD5ADXX:2:1114:15269:22432; HISEQ1:23:H9UD5ADXX:2:1114:4291:51668; HISEQ1:23:H9UD5ADXX:2:1115:15041:22425; HISEQ1:23:H9UD5ADXX:2:1201:15077:33539; HISEQ1:23:H9UD5ADXX:2:1209:1857:72496; HISEQ1:23:H9UD5ADXX:2:1212:11889:81030; HISEQ1:23:H9UD5ADXX:2:1212:14007:67600; HISEQ1:23:H9UD5ADXX:2:2104:3635:23554; HISEQ1:23:H9UD5ADXX:2:2116:5368:66610; HISEQ1:23:H9UD5ADXX:2:2204:20837:48387; HISEQ1:23:H9UD5ADXX:2:2204:5651:78296; HISEQ1:23:H9UD5ADXX:2:2206:9429:85353; HISEQ1:23:H9UD5ADXX:2:2207:10189:50962; HISEQ1:24:H9TKDADXX:1:1105:2490:72130; HISEQ1:24:H9TKDADXX:1:1111:18683:48148; HISEQ1:24:H9TKDADXX:1:1114:2679:46802; HISEQ1:24:H9TKDADXX:1:1115:8852:41293; HISEQ1:24:H9TKDADXX:1:1206:9188:22468; HISEQ1:24:H9TKDADXX:1:1210:16987:19072; HISEQ1:24:H9TKDADXX:1:1210:18189:92700; HISEQ1:24:H9TKDADXX:1:1210:20796:70627; HISEQ1:24:H9TKDADXX:1:1212:12809:68050; HISEQ1:24:H9TKDADXX:1:1213:14540:100556; HISEQ1:24:H9TKDADXX:1:1213:16198:82846; HISEQ1:24:H9TKDADXX:1:1214:17184:81848; HISEQ1:24:H9TKDADXX:1:2103:2992:5106; HISEQ1:24:H9TKDADXX:1:2204:6840:34680; HISEQ1:24:H9TKDADXX:1:2209:13462:95463; HISEQ1:24:H9TKDADXX:2:1114:7272:88650; HISEQ1:24:H9TKDADXX:2:1115:15016:62851; HISEQ1:24:H9TKDADXX:2:1206:3500:88609; HISEQ1:24:H9TKDADXX:2:1208:5704:13638; HISEQ1:24:H9TKDADXX:2:1209:2349:64560; HISEQ1:24:H9TKDADXX:2:1209:8944:45116; HISEQ1:24:H9TKDADXX:2:1210:3638:21316; HISEQ1:24:H9TKDADXX:2:1211:13937:66660; HISEQ1:24:H9TKDADXX:2:2201:6363:68225; HISEQ1:24:H9TKDADXX:2:2207:12016:67856; HISEQ1:24:H9TKDADXX:2:2208:7575:60258; HISEQ1:25:H9UD6ADXX:1:1101:11652:58828; HISEQ1:25:H9UD6ADXX:1:1109:16961:39065; HISEQ1:25:H9UD6ADXX:1:1110:9282:42572; HISEQ1:25:H9UD6ADXX:1:1204:3095:47702; HISEQ1:25:H9UD6ADXX:1:1207:5463:74088; HISEQ1:25:H9UD6ADXX:1:1209:3847:55010; HISEQ1:25:H9UD6ADXX:1:1214:1510:96499; HISEQ1:25:H9UD6ADXX:1:2106:6326:31234; HISEQ1:25:H9UD6ADXX:1:2110:17420:42829; HISEQ1:25:H9UD6ADXX:1:2112:17919:35178; HISEQ1:25:H9UD6ADXX:1:2113:19993:16962; HISEQ1:25:H9UD6ADXX:1:2115:10269:19519; HISEQ1:25:H9UD6ADXX:1:2201:7881:21993; HISEQ1:25:H9UD6ADXX:1:2207:4509:38483; HISEQ1:25:H9UD6ADXX:1:2213:20428:51014; HISEQ1:25:H9UD6ADXX:1:2215:7175:47026; HISEQ1:25:H9UD6ADXX:2:1105:18820:14009; HISEQ1:25:H9UD6ADXX:2:1105:4256:61550; HISEQ1:25:H9UD6ADXX:2:1106:4171:13216; HISEQ1:25:H9UD6ADXX:2:1113:19871:22247; HISEQ1:25:H9UD6ADXX:2:1202:18834:70914; HISEQ1:25:H9UD6ADXX:2:1207:5262:15045; HISEQ1:25:H9UD6ADXX:2:1216:4686:13032; HISEQ1:25:H9UD6ADXX:2:1216:6104:15139; HISEQ1:25:H9UD6ADXX:2:2104:12021:33067; HISEQ1:25:H9UD6ADXX:2:2104:19488:47183; HISEQ1:25:H9UD6ADXX:2:2107:13330:46059; HISEQ1:25:H9UD6ADXX:2:2113:5217:19160; HISEQ1:25:H9UD6ADXX:2:2114:8664:80870; HISEQ1:25:H9UD6ADXX:2:2202:19081:85501; HISEQ1:25:H9UD6ADXX:2:2202:2738:50339; HISEQ1:25:H9UD6ADXX:2:2204:10070:5164; HISEQ1:26:HA2RRADXX:1:1101:16460:60488; HISEQ1:26:HA2RRADXX:1:1104:8335:55399; HISEQ1:26:HA2RRADXX:1:1105:6204:6910; HISEQ1:26:HA2RRADXX:1:1109:16947:47631; HISEQ1:26:HA2RRADXX:1:1116:5132:79950; HISEQ1:26:HA2RRADXX:1:1201:15395:11927; HISEQ1:26:HA2RRADXX:1:1201:7345:60768; HISEQ1:26:HA2RRADXX:1:1202:2781:45800; HISEQ1:26:HA2RRADXX:1:1202:8720:24683; HISEQ1:26:HA2RRADXX:1:1205:2216:48502; HISEQ1:26:HA2RRADXX:1:1213:9706:25983; HISEQ1:26:HA2RRADXX:1:2102:12718:98723; HISEQ1:26:HA2RRADXX:1:2104:7299:55125; HISEQ1:26:HA2RRADXX:1:2106:9682:34089; HISEQ1:26:HA2RRADXX:1:2107:5039:61334; HISEQ1:26:HA2RRADXX:1:2108:14240:70210; HISEQ1:26:HA2RRADXX:1:2109:1466:17621; HISEQ1:26:HA2RRADXX:1:2109:17243:56297; HISEQ1:26:HA2RRADXX:1:2115:7497:28253; HISEQ1:26:HA2RRADXX:1:2204:12529:27370; HISEQ1:26:HA2RRADXX:1:2208:8940:66172; HISEQ1:26:HA2RRADXX:1:2210:17490:64462; HISEQ1:26:HA2RRADXX:1:2213:5773:10669; HISEQ1:26:HA2RRADXX:2:1102:3818:98425; HISEQ1:26:HA2RRADXX:2:1201:2919:16826; HISEQ1:26:HA2RRADXX:2:1203:10050:14874; HISEQ1:26:HA2RRADXX:2:1203:21148:14646; HISEQ1:26:HA2RRADXX:2:1205:5711:71938; HISEQ1:26:HA2RRADXX:2:1209:1941:21531; HISEQ1:26:HA2RRADXX:2:1210:17025:83342; HISEQ1:26:HA2RRADXX:2:2105:11915:67030; HISEQ1:26:HA2RRADXX:2:2105:3283:96059; HISEQ1:26:HA2RRADXX:2:2112:13211:95376; HISEQ1:26:HA2RRADXX:2:2113:17479:39172; HISEQ1:26:HA2RRADXX:2:2115:8205:55781; HISEQ1:26:HA2RRADXX:2:2203:10614:86907; HISEQ1:26:HA2RRADXX:2:2205:12039:70916; HISEQ1:26:HA2RRADXX:2:2206:15789:11535; HISEQ1:26:HA2RRADXX:2:2215:10437:37062; HISEQ1:27:HA2TEADXX:1:1101:9430:6767; HISEQ1:27:HA2TEADXX:1:1102:3590:78200; HISEQ1:27:HA2TEADXX:1:1103:15063:56095; HISEQ1:27:HA2TEADXX:1:1108:10138:34230; HISEQ1:27:HA2TEADXX:1:1108:9690:64780; HISEQ1:27:HA2TEADXX:1:1109:7481:51294; HISEQ1:27:HA2TEADXX:1:1111:5391:56318; HISEQ1:27:HA2TEADXX:1:1114:7597:17471; HISEQ1:27:HA2TEADXX:1:1116:17360:88566; HISEQ1:27:HA2TEADXX:1:1201:20491:75784; HISEQ1:27:HA2TEADXX:1:1202:7511:43915; HISEQ1:27:HA2TEADXX:1:1216:6327:10247; HISEQ1:27:HA2TEADXX:1:2105:7441:9445; HISEQ1:27:HA2TEADXX:1:2107:15849:16596; HISEQ1:27:HA2TEADXX:1:2109:6885:58464; HISEQ1:27:HA2TEADXX:1:2110:6459:34688; HISEQ1:27:HA2TEADXX:1:2110:7680:14470; HISEQ1:27:HA2TEADXX:1:2115:11392:25014; HISEQ1:27:HA2TEADXX:1:2116:10828:23023; HISEQ1:27:HA2TEADXX:1:2201:18075:9804; HISEQ1:27:HA2TEADXX:2:1101:12364:78256; HISEQ1:27:HA2TEADXX:2:1102:2578:29612; HISEQ1:27:HA2TEADXX:2:1104:10427:37372; HISEQ1:27:HA2TEADXX:2:1106:9123:95656; HISEQ1:27:HA2TEADXX:2:1112:8254:14782; HISEQ1:27:HA2TEADXX:2:1114:16277:52509; HISEQ1:27:HA2TEADXX:2:2101:15195:44942; HISEQ1:27:HA2TEADXX:2:2104:16641:43577; HISEQ1:27:HA2TEADXX:2:2105:4429:20327; HISEQ1:27:HA2TEADXX:2:2112:21091:84738; HISEQ1:27:HA2TEADXX:2:2116:5960:65772; HISEQ1:28:HA2RLADXX:1:1101:10423:100481; HISEQ1:28:HA2RLADXX:1:1105:2312:59172; HISEQ1:28:HA2RLADXX:1:1107:19575:84948; HISEQ1:28:HA2RLADXX:1:1108:7829:28887; HISEQ1:28:HA2RLADXX:1:1112:9223:17335; HISEQ1:28:HA2RLADXX:1:1113:13958:16379; HISEQ1:28:HA2RLADXX:1:1114:11893:91858; HISEQ1:28:HA2RLADXX:1:1202:8291:34577; HISEQ1:28:HA2RLADXX:1:1214:2953:91534; HISEQ1:28:HA2RLADXX:1:2102:17728:31687; HISEQ1:28:HA2RLADXX:1:2103:8330:36253; HISEQ1:28:HA2RLADXX:1:2107:16817:65007; HISEQ1:28:HA2RLADXX:1:2109:17211:14413; HISEQ1:28:HA2RLADXX:1:2113:8828:84623; HISEQ1:28:HA2RLADXX:1:2204:2953:87101; HISEQ1:28:HA2RLADXX:2:1106:1902:25502; HISEQ1:28:HA2RLADXX:2:1113:1221:87982; HISEQ1:28:HA2RLADXX:2:1114:8739:2219; HISEQ1:28:HA2RLADXX:2:1206:10338:67811; HISEQ1:28:HA2RLADXX:2:2103:16108:2639; HISEQ1:28:HA2RLADXX:2:2105:14003:41866; HISEQ1:28:HA2RLADXX:2:2105:16025:24059; HISEQ1:28:HA2RLADXX:2:2106:15138:76435; HISEQ1:28:HA2RLADXX:2:2107:14366:93908; HISEQ1:28:HA2RLADXX:2:2109:9980:19636; HISEQ1:28:HA2RLADXX:2:2110:15285:73947; HISEQ1:28:HA2RLADXX:2:2113:15447:13793; HISEQ1:28:HA2RLADXX:2:2114:18631:27988; HISEQ1:28:HA2RLADXX:2:2114:2880:78840; HISEQ1:28:HA2RLADXX:2:2209:6510:32209; HISEQ1:28:HA2RLADXX:2:2210:12498:86572; HISEQ1:29:HA2WPADXX:1:1109:9980:48124; HISEQ1:29:HA2WPADXX:1:1201:19685:10559; HISEQ1:29:HA2WPADXX:1:1201:2961:79437; HISEQ1:29:HA2WPADXX:1:1206:18970:2762; HISEQ1:29:HA2WPADXX:1:1206:5775:88525; HISEQ1:29:HA2WPADXX:1:1207:9897:78608; HISEQ1:29:HA2WPADXX:1:2104:18988:22483; HISEQ1:29:HA2WPADXX:1:2108:7966:92665; HISEQ1:29:HA2WPADXX:1:2111:5608:21404; HISEQ1:29:HA2WPADXX:1:2115:9627:24864; HISEQ1:29:HA2WPADXX:1:2116:20371:43012; HISEQ1:29:HA2WPADXX:1:2203:6853:77577; HISEQ1:29:HA2WPADXX:1:2210:10390:100922; HISEQ1:29:HA2WPADXX:1:2212:11400:47804; HISEQ1:29:HA2WPADXX:2:1105:19525:48975; HISEQ1:29:HA2WPADXX:2:1106:18751:98532; HISEQ1:29:HA2WPADXX:2:1112:3853:3408; HISEQ1:29:HA2WPADXX:2:1113:13510:47562; HISEQ1:29:HA2WPADXX:2:1113:20890:51838; HISEQ1:29:HA2WPADXX:2:1205:10085:88687; HISEQ1:29:HA2WPADXX:2:1206:16291:9917; HISEQ1:29:HA2WPADXX:2:1209:19058:23130; HISEQ1:29:HA2WPADXX:2:1210:15806:59187; HISEQ1:29:HA2WPADXX:2:1215:10573:58156; HISEQ1:29:HA2WPADXX:2:1216:11354:37730; HISEQ1:29:HA2WPADXX:2:2104:7663:68440; HISEQ1:29:HA2WPADXX:2:2114:10968:44135; HISEQ1:29:HA2WPADXX:2:2114:7355:89182; HISEQ1:29:HA2WPADXX:2:2203:9010:85787; HISEQ1:29:HA2WPADXX:2:2205:18380:90797; HISEQ1:29:HA2WPADXX:2:2211:4389:87528	RG0: 2/37
hg19	chr7:143881059:G:C	RG2 | FC:RG2_424 | chr7:143875684-143884033(+); RG2 | FC:RG2_425 | chr7:143877496-143884033(+); RG4 | FC:RG4_381 | chr7:143880226-143882150(+); RG5 | FC:RG5_301 | chr7:143879918-143881840(-); RG7 | FC:RG7_257 | chr7:143880228-143882150(+); RG8 | FC:RG8_186 | chr7:143879918-143881842(+)	RG2 | NFC:RG2_424 | chr7:143268244-143270168(+); RG2 | NFC:RG2_424 | chr7:143268487-143269288(-); RG2 | NFC:RG2_424 | chr7:143268540-143270464(+); RG2 | NFC:RG2_424 | chr7:143268550-143270464(+); RG2 | NFC:RG2_424 | chr7:143269305-143271219(-); RG2 | NFC:RG2_424 | chr7:143962905-143969443(+); RG2 | NFC:RG2_424 | chr7:143962907-143969443(-); RG2 | NFC:RG2_424 | chr7:143962908-143969444(+); RG2 | NFC:RG2_425 | chr7:143268244-143270168(+); RG2 | NFC:RG2_425 | chr7:143268540-143270464(+); RG2 | NFC:RG2_425 | chr7:143268544-143270463(-); RG2 | NFC:RG2_425 | chr7:143269305-143271219(-); RG2 | NFC:RG2_425 | chr7:143962907-143969443(-); RG2 | NFC:RG2_425 | chr7:143962908-143969444(+); RG4 | NFC:RG4_381 | chr7:143268540-143270464(+); RG4 | NFC:RG4_381 | chr7:143964790-143966709(+); RG4 | NFC:RG4_381 | chr7:143964790-143966714(+); RG4 | NFC:RG4_381 | chr7:143964790-143966714(-); RG5 | NFC:RG5_301 | chr7:143268244-143270166(+); RG5 | NFC:RG5_301 | chr7:143268540-143270154(+); RG5 | NFC:RG5_301 | chr7:143268544-143270171(-); RG5 | NFC:RG5_301 | chr7:143268550-143270153(+); RG5 | NFC:RG5_301 | chr7:143269305-143270141(-); RG5 | NFC:RG5_301 | chr7:143965082-143966709(+); RG5 | NFC:RG5_301 | chr7:143965100-143967022(+); RG5 | NFC:RG5_301 | chr7:143965100-143967022(-); RG7 | NFC:RG7_257 | chr7:143268529-143269288(-); RG7 | NFC:RG7_257 | chr7:143268542-143270464(+); RG7 | NFC:RG7_257 | chr7:143268544-143270463(-); RG7 | NFC:RG7_257 | chr7:143268554-143270168(+); RG7 | NFC:RG7_257 | chr7:143269305-143270451(-); RG7 | NFC:RG7_257 | chr7:143964790-143966709(+); RG7 | NFC:RG7_257 | chr7:143964790-143966712(+); RG7 | NFC:RG7_257 | chr7:143964790-143966712(-); RG8 | NFC:RG8_186 | chr7:143268244-143270168(+); RG8 | NFC:RG8_186 | chr7:143269305-143270143(-); RG8 | NFC:RG8_186 | chr7:143965085-143966709(+); RG8 | NFC:RG8_186 | chr7:143965098-143967022(+); RG8 | NFC:RG8_186 | chr7:143965098-143967022(-)	RG2; RG4; RG5; RG7; RG8	RG2_424; RG2_425; RG4_381; RG5_301; RG7_257; RG8_186	RG2_424; RG2_425; RG4_381; RG5_301; RG7_257; RG8_186	n=1; HISEQ1:22:H9UJNADXX:2:1203:16330:9589	n=6; HISEQ1:20:H9V1RADXX:1:1205:19209:95423; HISEQ1:20:H9V1RADXX:1:2103:7831:26501; HISEQ1:20:H9V1RADXX:1:2104:10935:17513; HISEQ1:21:H9V1VADXX:2:2210:13382:44468; HISEQ1:22:H9UJNADXX:2:1203:16330:9589; HISEQ1:24:H9TKDADXX:2:1202:17548:9956	RG2: 1/73; RG4: 1/73; RG5: 1/73; RG7: 1/73; RG8: 1/73
hg19	chr11:117078679:G:A	RG0 | FC:RG0_1771 | chr11:117076462-117080334(+); RG1 | FC:RG1_983 | chr11:117078172-117082044(-)	RG0 | NFC:RG0_1771 | chr11:117005680-117009552(-); RG1 | NFC:RG1_983 | chr11:117004211-117008083(+)	RG0; RG1	RG0_1771; RG1_983	RG0_1771; RG1_983	n=1; HISEQ1:19:H8VDAADXX:2:2112:5733:64282	n=11; HISEQ1:19:H8VDAADXX:2:1202:12633:82648; HISEQ1:19:H8VDAADXX:2:2112:5733:64282; HISEQ1:20:H9V1RADXX:1:1106:17759:4741; HISEQ1:20:H9V1RADXX:2:1104:19195:15400; HISEQ1:21:H9V1VADXX:1:2109:18355:97572; HISEQ1:22:H9UJNADXX:2:2206:17080:7416; HISEQ1:26:HA2RRADXX:1:1101:6622:8223; HISEQ1:26:HA2RRADXX:2:1211:9870:60980; HISEQ1:27:HA2TEADXX:1:1211:15393:47859; HISEQ1:28:HA2RLADXX:1:2215:20204:60114; HISEQ1:29:HA2WPADXX:2:2107:11741:23427	RG0: 1/17; RG1: 1/17
hg19	chr15:28801923:T:A	RG1 | FC:RG1_1063 | chr15:28798787-28802961(+)	RG1 | FC:RG1_825 | chr15:28596949-28603065(+); RG1 | FC:RG1_882 | chr15:28598954-28603065(+)	RG1	RG1_1063	RG1_825; RG1_882	n=10; HISEQ1:21:H9V1VADXX:1:1216:19732:33570; HISEQ1:21:H9V1VADXX:2:2106:6946:16005; HISEQ1:24:H9TKDADXX:1:1208:17757:60506; HISEQ1:24:H9TKDADXX:1:2112:2707:41301; HISEQ1:24:H9TKDADXX:2:2104:7745:83904; HISEQ1:25:H9UD6ADXX:1:1115:5721:39444; HISEQ1:26:HA2RRADXX:2:1113:5224:82881; HISEQ1:27:HA2TEADXX:1:2116:5625:34479; HISEQ1:27:HA2TEADXX:2:2212:10926:45353; HISEQ1:29:HA2WPADXX:1:1213:14288:43600	n=82; HISEQ1:18:H8VC6ADXX:1:1107:5098:15493; HISEQ1:18:H8VC6ADXX:2:1211:3221:69780; HISEQ1:18:H8VC6ADXX:2:2201:2872:42909; HISEQ1:19:H8VDAADXX:1:1202:20122:9613; HISEQ1:19:H8VDAADXX:1:2107:2806:46650; HISEQ1:19:H8VDAADXX:2:1104:15627:22952; HISEQ1:19:H8VDAADXX:2:2202:4828:53770; HISEQ1:20:H9V1RADXX:1:1101:8105:15276; HISEQ1:20:H9V1RADXX:1:1108:11277:11398; HISEQ1:20:H9V1RADXX:2:1101:16823:16329; HISEQ1:20:H9V1RADXX:2:2103:5624:7838; HISEQ1:20:H9V1RADXX:2:2115:7715:6329; HISEQ1:21:H9V1VADXX:1:1216:19732:33570; HISEQ1:21:H9V1VADXX:1:2202:18677:59278; HISEQ1:21:H9V1VADXX:2:1111:9373:53395; HISEQ1:21:H9V1VADXX:2:1113:10473:19848; HISEQ1:21:H9V1VADXX:2:1114:13480:69559; HISEQ1:21:H9V1VADXX:2:1215:2730:4471; HISEQ1:21:H9V1VADXX:2:2105:13515:66854; HISEQ1:21:H9V1VADXX:2:2106:6946:16005; HISEQ1:21:H9V1VADXX:2:2115:8215:14527; HISEQ1:21:H9V1VADXX:2:2204:19141:97647; HISEQ1:21:H9V1VADXX:2:2208:19348:45577; HISEQ1:22:H9UJNADXX:1:1107:20598:49140; HISEQ1:22:H9UJNADXX:1:1215:19058:61761; HISEQ1:22:H9UJNADXX:1:1216:11515:95778; HISEQ1:22:H9UJNADXX:1:2101:7491:58043; HISEQ1:22:H9UJNADXX:1:2105:17009:26515; HISEQ1:22:H9UJNADXX:1:2110:15742:78469; HISEQ1:22:H9UJNADXX:2:1104:5285:24089; HISEQ1:22:H9UJNADXX:2:1201:15179:41067; HISEQ1:22:H9UJNADXX:2:1202:19656:30353; HISEQ1:22:H9UJNADXX:2:2101:12930:24530; HISEQ1:22:H9UJNADXX:2:2209:4619:3286; HISEQ1:23:H9UD5ADXX:1:1107:20270:56420; HISEQ1:23:H9UD5ADXX:1:1215:17240:39296; HISEQ1:23:H9UD5ADXX:1:2112:1860:54240; HISEQ1:23:H9UD5ADXX:1:2208:7132:43036; HISEQ1:23:H9UD5ADXX:1:2215:9311:9869; HISEQ1:23:H9UD5ADXX:2:1111:9613:25493; HISEQ1:23:H9UD5ADXX:2:1116:20116:96227; HISEQ1:23:H9UD5ADXX:2:1215:9484:27738; HISEQ1:23:H9UD5ADXX:2:2208:4844:35709; HISEQ1:23:H9UD5ADXX:2:2215:15494:22992; HISEQ1:24:H9TKDADXX:1:1109:2059:36577; HISEQ1:24:H9TKDADXX:1:1208:17757:60506; HISEQ1:24:H9TKDADXX:1:2112:2707:41301; HISEQ1:24:H9TKDADXX:1:2115:16091:12204; HISEQ1:24:H9TKDADXX:1:2204:20635:36327; HISEQ1:24:H9TKDADXX:2:2104:7745:83904; HISEQ1:24:H9TKDADXX:2:2207:13101:44707; HISEQ1:25:H9UD6ADXX:1:1115:5721:39444; HISEQ1:25:H9UD6ADXX:1:1212:3410:8624; HISEQ1:25:H9UD6ADXX:2:1103:5804:44763; HISEQ1:25:H9UD6ADXX:2:1116:19660:3307; HISEQ1:25:H9UD6ADXX:2:2201:7038:18862; HISEQ1:26:HA2RRADXX:1:1215:11130:83423; HISEQ1:26:HA2RRADXX:1:2201:16893:71774; HISEQ1:26:HA2RRADXX:1:2210:13762:67819; HISEQ1:26:HA2RRADXX:2:1111:8601:67978; HISEQ1:26:HA2RRADXX:2:1113:5224:82881; HISEQ1:26:HA2RRADXX:2:1204:11379:92971; HISEQ1:27:HA2TEADXX:1:1214:9765:46254; HISEQ1:27:HA2TEADXX:1:2116:5625:34479; HISEQ1:27:HA2TEADXX:2:1101:14151:15166; HISEQ1:27:HA2TEADXX:2:2106:5929:72107; HISEQ1:27:HA2TEADXX:2:2202:15872:21834; HISEQ1:27:HA2TEADXX:2:2212:10926:45353; HISEQ1:27:HA2TEADXX:2:2212:14200:52089; HISEQ1:28:HA2RLADXX:1:2111:2712:11286; HISEQ1:28:HA2RLADXX:1:2112:14298:9356; HISEQ1:28:HA2RLADXX:2:1102:2039:47559; HISEQ1:28:HA2RLADXX:2:1210:16878:9156; HISEQ1:28:HA2RLADXX:2:2113:12676:58405; HISEQ1:28:HA2RLADXX:2:2206:9035:51397; HISEQ1:29:HA2WPADXX:1:1213:14288:43600; HISEQ1:29:HA2WPADXX:1:2103:17993:30137; HISEQ1:29:HA2WPADXX:2:1106:20046:12590; HISEQ1:29:HA2WPADXX:2:1113:2177:77545; HISEQ1:29:HA2WPADXX:2:1213:1876:76251; HISEQ1:29:HA2WPADXX:2:2201:12008:53679; HISEQ1:29:HA2WPADXX:2:2215:6969:13715	RG1: 0/61
hg19	chr15:28801971:C:T	RG1 | FC:RG1_1063 | chr15:28798787-28802961(+)	RG1 | FC:RG1_825 | chr15:28596949-28603065(+); RG1 | FC:RG1_882 | chr15:28598954-28603065(+)	RG1	RG1_1063	RG1_825; RG1_882	n=26; HISEQ1:18:H8VC6ADXX:2:1111:21033:64111; HISEQ1:18:H8VC6ADXX:2:2204:18473:58710; HISEQ1:19:H8VDAADXX:1:1212:14369:97433; HISEQ1:19:H8VDAADXX:2:2208:21062:16363; HISEQ1:20:H9V1RADXX:2:2210:7160:7313; HISEQ1:21:H9V1VADXX:1:1206:20749:77423; HISEQ1:21:H9V1VADXX:1:1211:6406:17379; HISEQ1:21:H9V1VADXX:1:2203:17428:18892; HISEQ1:21:H9V1VADXX:2:1112:12249:45013; HISEQ1:21:H9V1VADXX:2:1208:14965:11261; HISEQ1:21:H9V1VADXX:2:2107:19582:29558; HISEQ1:21:H9V1VADXX:2:2208:11963:25152; HISEQ1:22:H9UJNADXX:1:2115:5540:89027; HISEQ1:24:H9TKDADXX:1:2111:5365:42249; HISEQ1:24:H9TKDADXX:2:2209:14248:14207; HISEQ1:25:H9UD6ADXX:1:1201:7825:92166; HISEQ1:25:H9UD6ADXX:1:1212:8243:13192; HISEQ1:25:H9UD6ADXX:2:1105:18195:82058; HISEQ1:25:H9UD6ADXX:2:2112:3477:52993; HISEQ1:26:HA2RRADXX:1:2109:9919:91230; HISEQ1:26:HA2RRADXX:1:2213:4184:58988; HISEQ1:27:HA2TEADXX:1:2116:8475:65572; HISEQ1:27:HA2TEADXX:2:1105:11097:72194; HISEQ1:27:HA2TEADXX:2:2211:7259:75614; HISEQ1:28:HA2RLADXX:1:1108:13225:32210; HISEQ1:28:HA2RLADXX:1:1203:5671:96157	n=184; HISEQ1:18:H8VC6ADXX:1:1108:11918:12165; HISEQ1:18:H8VC6ADXX:1:1211:6843:5455; HISEQ1:18:H8VC6ADXX:1:1214:12652:17708; HISEQ1:18:H8VC6ADXX:1:1214:9453:18296; HISEQ1:18:H8VC6ADXX:1:2101:9280:7342; HISEQ1:18:H8VC6ADXX:1:2103:11288:2508; HISEQ1:18:H8VC6ADXX:1:2109:17853:78453; HISEQ1:18:H8VC6ADXX:1:2112:1797:35390; HISEQ1:18:H8VC6ADXX:2:1102:19588:93909; HISEQ1:18:H8VC6ADXX:2:1103:19453:56277; HISEQ1:18:H8VC6ADXX:2:1108:6109:49268; HISEQ1:18:H8VC6ADXX:2:1111:21033:64111; HISEQ1:18:H8VC6ADXX:2:2116:17539:13427; HISEQ1:18:H8VC6ADXX:2:2202:16171:45380; HISEQ1:18:H8VC6ADXX:2:2204:18473:58710; HISEQ1:18:H8VC6ADXX:2:2206:8340:66267; HISEQ1:18:H8VC6ADXX:2:2212:1996:76040; HISEQ1:18:H8VC6ADXX:2:2214:12764:54342; HISEQ1:18:H8VC6ADXX:2:2214:13200:91026; HISEQ1:19:H8VDAADXX:1:1103:14191:43343; HISEQ1:19:H8VDAADXX:1:1105:14524:73745; HISEQ1:19:H8VDAADXX:1:1210:1565:99057; HISEQ1:19:H8VDAADXX:1:1212:14369:97433; HISEQ1:19:H8VDAADXX:1:1214:11903:78111; HISEQ1:19:H8VDAADXX:1:2108:18947:88167; HISEQ1:19:H8VDAADXX:1:2201:10773:93901; HISEQ1:19:H8VDAADXX:1:2205:10707:19829; HISEQ1:19:H8VDAADXX:1:2205:3867:29754; HISEQ1:19:H8VDAADXX:1:2209:16483:4757; HISEQ1:19:H8VDAADXX:2:2101:8914:34855; HISEQ1:19:H8VDAADXX:2:2111:4407:62278; HISEQ1:19:H8VDAADXX:2:2208:21062:16363; HISEQ1:19:H8VDAADXX:2:2213:12599:74621; HISEQ1:20:H9V1RADXX:1:1101:13555:85297; HISEQ1:20:H9V1RADXX:1:1206:5969:89370; HISEQ1:20:H9V1RADXX:1:1212:13498:46866; HISEQ1:20:H9V1RADXX:1:2109:16042:63034; HISEQ1:20:H9V1RADXX:1:2115:8634:71447; HISEQ1:20:H9V1RADXX:1:2204:3607:70070; HISEQ1:20:H9V1RADXX:2:1103:20358:91365; HISEQ1:20:H9V1RADXX:2:1104:5579:28750; HISEQ1:20:H9V1RADXX:2:1114:8511:38430; HISEQ1:20:H9V1RADXX:2:2204:10962:17788; HISEQ1:20:H9V1RADXX:2:2210:7160:7313; HISEQ1:21:H9V1VADXX:1:1104:12899:70980; HISEQ1:21:H9V1VADXX:1:1115:14103:22111; HISEQ1:21:H9V1VADXX:1:1206:20749:77423; HISEQ1:21:H9V1VADXX:1:1211:6406:17379; HISEQ1:21:H9V1VADXX:1:2113:13279:9061; HISEQ1:21:H9V1VADXX:1:2116:10894:47815; HISEQ1:21:H9V1VADXX:1:2202:18801:14496; HISEQ1:21:H9V1VADXX:1:2203:17428:18892; HISEQ1:21:H9V1VADXX:1:2203:4481:87817; HISEQ1:21:H9V1VADXX:1:2204:10592:75345; HISEQ1:21:H9V1VADXX:2:1104:13714:24854; HISEQ1:21:H9V1VADXX:2:1110:18384:60433; HISEQ1:21:H9V1VADXX:2:1111:3671:43210; HISEQ1:21:H9V1VADXX:2:1112:12249:45013; HISEQ1:21:H9V1VADXX:2:1208:14965:11261; HISEQ1:21:H9V1VADXX:2:1212:6622:47651; HISEQ1:21:H9V1VADXX:2:2107:19582:29558; HISEQ1:21:H9V1VADXX:2:2208:11963:25152; HISEQ1:21:H9V1VADXX:2:2211:10060:51659; HISEQ1:21:H9V1VADXX:2:2216:8157:60182; HISEQ1:22:H9UJNADXX:1:2101:8123:61818; HISEQ1:22:H9UJNADXX:1:2105:17269:7990; HISEQ1:22:H9UJNADXX:1:2105:6446:99026; HISEQ1:22:H9UJNADXX:1:2107:13180:62735; HISEQ1:22:H9UJNADXX:1:2115:5540:89027; HISEQ1:22:H9UJNADXX:2:1112:17090:99509; HISEQ1:22:H9UJNADXX:2:1202:15786:16484; HISEQ1:22:H9UJNADXX:2:1205:4831:65130; HISEQ1:22:H9UJNADXX:2:2101:11778:26343; HISEQ1:22:H9UJNADXX:2:2109:8620:40764; HISEQ1:23:H9UD5ADXX:1:1105:17277:66851; HISEQ1:23:H9UD5ADXX:1:1201:6936:67299; HISEQ1:23:H9UD5ADXX:1:1207:9970:62252; HISEQ1:23:H9UD5ADXX:1:1213:5118:98615; HISEQ1:23:H9UD5ADXX:1:1216:19305:67176; HISEQ1:23:H9UD5ADXX:1:2115:13918:47891; HISEQ1:23:H9UD5ADXX:2:1101:4927:40201; HISEQ1:23:H9UD5ADXX:2:1107:12366:47978; HISEQ1:23:H9UD5ADXX:2:1202:9006:58104; HISEQ1:23:H9UD5ADXX:2:1208:5703:55477; HISEQ1:23:H9UD5ADXX:2:2203:1358:15396; HISEQ1:23:H9UD5ADXX:2:2215:9178:76105; HISEQ1:24:H9TKDADXX:1:1104:14145:93348; HISEQ1:24:H9TKDADXX:1:1116:6483:25581; HISEQ1:24:H9TKDADXX:1:1203:7365:99737; HISEQ1:24:H9TKDADXX:1:1209:18283:72823; HISEQ1:24:H9TKDADXX:1:2111:5365:42249; HISEQ1:24:H9TKDADXX:1:2205:14908:17986; HISEQ1:24:H9TKDADXX:1:2206:2734:49737; HISEQ1:24:H9TKDADXX:1:2209:13613:14165; HISEQ1:24:H9TKDADXX:2:1106:16591:56291; HISEQ1:24:H9TKDADXX:2:1207:17721:68017; HISEQ1:24:H9TKDADXX:2:1209:14175:4033; HISEQ1:24:H9TKDADXX:2:2101:17349:6398; HISEQ1:24:H9TKDADXX:2:2203:11421:30504; HISEQ1:24:H9TKDADXX:2:2209:14248:14207; HISEQ1:24:H9TKDADXX:2:2211:15057:82939; HISEQ1:24:H9TKDADXX:2:2211:19558:81107; HISEQ1:24:H9TKDADXX:2:2213:15497:40853; HISEQ1:25:H9UD6ADXX:1:1102:4494:5018; HISEQ1:25:H9UD6ADXX:1:1107:4150:43480; HISEQ1:25:H9UD6ADXX:1:1108:19635:47568; HISEQ1:25:H9UD6ADXX:1:1201:7825:92166; HISEQ1:25:H9UD6ADXX:1:1212:8243:13192; HISEQ1:25:H9UD6ADXX:1:2101:2824:88882; HISEQ1:25:H9UD6ADXX:1:2114:5337:57432; HISEQ1:25:H9UD6ADXX:1:2115:15830:14923; HISEQ1:25:H9UD6ADXX:2:1105:18195:82058; HISEQ1:25:H9UD6ADXX:2:1109:14590:53630; HISEQ1:25:H9UD6ADXX:2:1110:3954:66022; HISEQ1:25:H9UD6ADXX:2:1112:17680:12138; HISEQ1:25:H9UD6ADXX:2:1205:7565:38638; HISEQ1:25:H9UD6ADXX:2:2101:10263:61634; HISEQ1:25:H9UD6ADXX:2:2105:14124:22296; HISEQ1:25:H9UD6ADXX:2:2112:3477:52993; HISEQ1:25:H9UD6ADXX:2:2114:1569:40900; HISEQ1:26:HA2RRADXX:1:1108:8382:44645; HISEQ1:26:HA2RRADXX:1:1211:7361:36465; HISEQ1:26:HA2RRADXX:1:1212:18777:4845; HISEQ1:26:HA2RRADXX:1:2109:9919:91230; HISEQ1:26:HA2RRADXX:1:2203:8543:28588; HISEQ1:26:HA2RRADXX:1:2213:3337:35567; HISEQ1:26:HA2RRADXX:1:2213:4184:58988; HISEQ1:26:HA2RRADXX:2:1101:15350:64646; HISEQ1:26:HA2RRADXX:2:1104:9294:61261; HISEQ1:26:HA2RRADXX:2:1110:17917:32783; HISEQ1:26:HA2RRADXX:2:1110:9020:38034; HISEQ1:26:HA2RRADXX:2:1115:18974:64536; HISEQ1:26:HA2RRADXX:2:1209:18375:72768; HISEQ1:26:HA2RRADXX:2:1213:14881:64336; HISEQ1:26:HA2RRADXX:2:2107:7964:70479; HISEQ1:26:HA2RRADXX:2:2108:15474:32084; HISEQ1:26:HA2RRADXX:2:2116:8335:78375; HISEQ1:26:HA2RRADXX:2:2205:6457:4367; HISEQ1:27:HA2TEADXX:1:1112:14169:18859; HISEQ1:27:HA2TEADXX:1:1116:11634:63991; HISEQ1:27:HA2TEADXX:1:1116:17377:77859; HISEQ1:27:HA2TEADXX:1:2116:8475:65572; HISEQ1:27:HA2TEADXX:1:2210:9909:84571; HISEQ1:27:HA2TEADXX:1:2214:17562:40571; HISEQ1:27:HA2TEADXX:2:1105:11097:72194; HISEQ1:27:HA2TEADXX:2:1112:14345:93937; HISEQ1:27:HA2TEADXX:2:1112:8777:80190; HISEQ1:27:HA2TEADXX:2:1115:20757:17087; HISEQ1:27:HA2TEADXX:2:1116:16029:72283; HISEQ1:27:HA2TEADXX:2:2112:6015:74414; HISEQ1:27:HA2TEADXX:2:2116:10078:4500; HISEQ1:27:HA2TEADXX:2:2210:14164:89431; HISEQ1:27:HA2TEADXX:2:2211:7259:75614; HISEQ1:27:HA2TEADXX:2:2216:11470:93968; HISEQ1:27:HA2TEADXX:2:2216:7395:7859; HISEQ1:28:HA2RLADXX:1:1102:9313:61175; HISEQ1:28:HA2RLADXX:1:1107:17995:47785; HISEQ1:28:HA2RLADXX:1:1108:13225:32210; HISEQ1:28:HA2RLADXX:1:1110:14089:21141; HISEQ1:28:HA2RLADXX:1:1115:6008:10331; HISEQ1:28:HA2RLADXX:1:1203:5671:96157; HISEQ1:28:HA2RLADXX:1:1206:14431:84396; HISEQ1:28:HA2RLADXX:1:1211:18640:76878; HISEQ1:28:HA2RLADXX:1:2109:13002:26370; HISEQ1:28:HA2RLADXX:2:1101:10345:88164; HISEQ1:28:HA2RLADXX:2:1101:13957:99760; HISEQ1:28:HA2RLADXX:2:1116:2784:20813; HISEQ1:28:HA2RLADXX:2:1214:12444:66725; HISEQ1:28:HA2RLADXX:2:1216:10235:63658; HISEQ1:28:HA2RLADXX:2:2114:15205:53101; HISEQ1:29:HA2WPADXX:1:1116:17321:71759; HISEQ1:29:HA2WPADXX:1:1215:3233:88961; HISEQ1:29:HA2WPADXX:1:2107:13581:70363; HISEQ1:29:HA2WPADXX:1:2112:12851:77507; HISEQ1:29:HA2WPADXX:1:2115:13913:15857; HISEQ1:29:HA2WPADXX:1:2206:20144:97687; HISEQ1:29:HA2WPADXX:2:1106:20046:12590; HISEQ1:29:HA2WPADXX:2:1113:14302:77421; HISEQ1:29:HA2WPADXX:2:1209:7165:85025; HISEQ1:29:HA2WPADXX:2:1216:12318:73637; HISEQ1:29:HA2WPADXX:2:2104:6697:8026; HISEQ1:29:HA2WPADXX:2:2105:15368:45736; HISEQ1:29:HA2WPADXX:2:2202:3230:64314; HISEQ1:29:HA2WPADXX:2:2208:18189:80173	RG1: 0/66
hg19	chr15:32895903:G:A	RG4 | FC:RG4_122 | chr15:32890749-32898934(+); RG4 | FC:RG4_137 | chr15:32893326-32898104(-); RG4 | FC:RG4_145 | chr15:32891330-32896173(+); RG4 | FC:RG4_164 | chr15:32893971-32896173(-); RG4 | FC:RG4_165 | chr15:32894787-32897470(+); RG4 | FC:RG4_166 | chr15:32895481-32898934(+); RG4 | FC:RG4_173 | chr15:32895473-32899046(+); RG4 | FC:RG4_174 | chr15:32895477-32898934(+); RG4 | FC:RG4_175 | chr15:32895548-32898934(+); RG4 | FC:RG4_176 | chr15:32895550-32898934(+)	RG4 | NFC:RG4_122 | chr15:30436901-30437995(+); RG4 | NFC:RG4_122 | chr15:30437073-30440525(+); RG4 | NFC:RG4_122 | chr15:30437073-30440526(+); RG4 | NFC:RG4_122 | chr15:30437139-30440525(-); RG4 | NFC:RG4_122 | chr15:32682225-32685611(+); RG4 | NFC:RG4_122 | chr15:32682225-32685678(-); RG4 | NFC:RG4_122 | chr15:32683063-32687841(+); RG4 | NFC:RG4_122 | chr15:32734552-32742735(-); RG4 | NFC:RG4_137 | chr15:30436063-30437562(+); RG4 | NFC:RG4_137 | chr15:30436901-30437995(+); RG4 | NFC:RG4_137 | chr15:30437072-30439687(-); RG4 | NFC:RG4_137 | chr15:30437073-30439696(+); RG4 | NFC:RG4_137 | chr15:30437073-30439699(+); RG4 | NFC:RG4_137 | chr15:30437139-30439687(-); RG4 | NFC:RG4_137 | chr15:30437433-30438013(+); RG4 | NFC:RG4_137 | chr15:32683055-32685678(-); RG4 | NFC:RG4_137 | chr15:32683063-32687841(+); RG4 | NFC:RG4_137 | chr15:32735382-32740160(-); RG4 | NFC:RG4_137 | chr15:32735390-32737938(+); RG4 | NFC:RG4_137 | chr15:32737348-32739550(+); RG4 | NFC:RG4_145 | chr15:30437072-30437732(-); RG4 | NFC:RG4_145 | chr15:30437073-30437765(+); RG4 | NFC:RG4_145 | chr15:30437073-30437768(+); RG4 | NFC:RG4_145 | chr15:30437139-30437764(-); RG4 | NFC:RG4_145 | chr15:32684986-32685611(+); RG4 | NFC:RG4_145 | chr15:32684986-32685678(-); RG4 | NFC:RG4_145 | chr15:32684994-32687841(+); RG4 | NFC:RG4_145 | chr15:32685018-32685677(+); RG4 | NFC:RG4_145 | chr15:32685018-32685678(+); RG4 | NFC:RG4_145 | chr15:32685021-32685679(+); RG4 | NFC:RG4_145 | chr15:32737313-32742156(-); RG4 | NFC:RG4_145 | chr15:32737348-32739550(+); RG4 | NFC:RG4_164 | chr15:30437072-30437729(-); RG4 | NFC:RG4_164 | chr15:30437072-30437756(-); RG4 | NFC:RG4_164 | chr15:30437073-30437765(+); RG4 | NFC:RG4_164 | chr15:30437073-30437766(+); RG4 | NFC:RG4_164 | chr15:30437073-30437768(+); RG4 | NFC:RG4_164 | chr15:30437139-30437729(-); RG4 | NFC:RG4_164 | chr15:32684986-32685678(-); RG4 | NFC:RG4_164 | chr15:32684994-32687196(+); RG4 | NFC:RG4_164 | chr15:32685021-32685611(+); RG4 | NFC:RG4_164 | chr15:32685021-32685677(+); RG4 | NFC:RG4_164 | chr15:32685021-32685678(+); RG4 | NFC:RG4_164 | chr15:32737313-32739515(-); RG4 | NFC:RG4_164 | chr15:32737348-32739550(+); RG4 | NFC:RG4_165 | chr15:30436901-30437995(+); RG4 | NFC:RG4_165 | chr15:30437072-30439007(-); RG4 | NFC:RG4_165 | chr15:30437073-30439061(+); RG4 | NFC:RG4_165 | chr15:30437073-30439062(+); RG4 | NFC:RG4_165 | chr15:30437433-30438013(+); RG4 | NFC:RG4_165 | chr15:30437433-30438013(-); RG4 | NFC:RG4_165 | chr15:32683689-32685678(-); RG4 | NFC:RG4_165 | chr15:32683690-32685680(+); RG4 | NFC:RG4_165 | chr15:32683697-32686380(+); RG4 | NFC:RG4_165 | chr15:32683743-32685677(+); RG4 | NFC:RG4_165 | chr15:32683743-32685678(+); RG4 | NFC:RG4_165 | chr15:32684737-32685317(+); RG4 | NFC:RG4_165 | chr15:32736016-32737938(+); RG4 | NFC:RG4_165 | chr15:32736016-32738699(-); RG4 | NFC:RG4_165 | chr15:32737348-32738734(+); RG4 | NFC:RG4_166 | chr15:30437073-30440526(+); RG4 | NFC:RG4_166 | chr15:32682225-32685678(-); RG4 | NFC:RG4_166 | chr15:32683063-32685686(+); RG4 | NFC:RG4_166 | chr15:32734552-32737938(+); RG4 | NFC:RG4_166 | chr15:32734552-32738005(-); RG4 | NFC:RG4_173 | chr15:30436423-30439912(+); RG4 | NFC:RG4_173 | chr15:30437068-30440639(+); RG4 | NFC:RG4_173 | chr15:30437073-30440526(+); RG4 | NFC:RG4_173 | chr15:32682115-32685688(+); RG4 | NFC:RG4_173 | chr15:32682225-32685678(-); RG4 | NFC:RG4_173 | chr15:32682837-32686329(-); RG4 | NFC:RG4_173 | chr15:32683063-32685694(+); RG4 | NFC:RG4_173 | chr15:32734552-32738013(-); RG4 | NFC:RG4_173 | chr15:32737348-32738048(+); RG4 | NFC:RG4_174 | chr15:30436901-30437995(+); RG4 | NFC:RG4_174 | chr15:30437072-30440529(+); RG4 | NFC:RG4_174 | chr15:30437073-30440526(+); RG4 | NFC:RG4_174 | chr15:32682225-32685678(-); RG4 | NFC:RG4_174 | chr15:32683063-32685690(+); RG4 | NFC:RG4_174 | chr15:32734552-32738009(-); RG4 | NFC:RG4_175 | chr15:30436901-30437995(+); RG4 | NFC:RG4_175 | chr15:30437077-30437562(-); RG4 | NFC:RG4_175 | chr15:30437140-30440525(+); RG4 | NFC:RG4_175 | chr15:30437140-30440525(-); RG4 | NFC:RG4_175 | chr15:30437140-30440526(+); RG4 | NFC:RG4_175 | chr15:32682225-32685610(+); RG4 | NFC:RG4_175 | chr15:32682225-32685611(-); RG4 | NFC:RG4_175 | chr15:32683063-32685619(+); RG4 | NFC:RG4_175 | chr15:32734552-32737937(+); RG4 | NFC:RG4_175 | chr15:32734552-32737938(-); RG4 | NFC:RG4_176 | chr15:30436901-30437995(+); RG4 | NFC:RG4_176 | chr15:30437142-30440526(+); RG4 | NFC:RG4_176 | chr15:30437145-30440529(+); RG4 | NFC:RG4_176 | chr15:32682225-32685609(-); RG4 | NFC:RG4_176 | chr15:32682227-32685611(+); RG4 | NFC:RG4_176 | chr15:32683063-32685617(+); RG4 | NFC:RG4_176 | chr15:32734552-32737936(-); RG4 | NFC:RG4_176 | chr15:32734554-32737936(+); RG4 | NFC:RG4_176 | chr15:32735638-32738022(-); RG4 | NFC:RG4_205 | chr15:30437003-30437995(+); RG4 | NFC:RG4_206 | chr15:30436974-30437995(+); RG4 | NFC:RG4_219 | chr15:30437433-30438013(+); RG4 | NFC:RG4_219 | chr15:30437433-30438013(-); RG4 | NFC:RG4_219 | chr15:32684737-32685317(+); RG4 | NFC:RG4_219 | chr15:32737064-32737644(+)	RG4	RG4_122; RG4_137; RG4_145; RG4_164; RG4_165; RG4_166; RG4_173; RG4_174; RG4_175; RG4_176	RG4_122; RG4_137; RG4_145; RG4_164; RG4_165; RG4_166; RG4_173; RG4_174; RG4_175; RG4_176; RG4_205; RG4_206; RG4_219	n=6; HISEQ1:19:H8VDAADXX:1:2209:10562:30738; HISEQ1:22:H9UJNADXX:1:1115:18990:80681; HISEQ1:24:H9TKDADXX:1:2203:20241:88045; HISEQ1:28:HA2RLADXX:2:1206:15259:94518; HISEQ1:28:HA2RLADXX:2:2101:1541:75283; HISEQ1:29:HA2WPADXX:2:1204:8496:72194	n=34; HISEQ1:18:H8VC6ADXX:2:1208:18819:93506; HISEQ1:19:H8VDAADXX:1:2209:10562:30738; HISEQ1:20:H9V1RADXX:1:1214:5809:54633; HISEQ1:20:H9V1RADXX:2:1213:19407:80155; HISEQ1:20:H9V1RADXX:2:1216:2826:30570; HISEQ1:21:H9V1VADXX:1:1203:11934:18567; HISEQ1:22:H9UJNADXX:1:1115:18990:80681; HISEQ1:22:H9UJNADXX:1:1211:19865:12731; HISEQ1:22:H9UJNADXX:2:1106:16239:81200; HISEQ1:22:H9UJNADXX:2:2110:3057:6752; HISEQ1:23:H9UD5ADXX:2:2106:7922:73280; HISEQ1:23:H9UD5ADXX:2:2215:2892:101244; HISEQ1:24:H9TKDADXX:1:1103:5101:33795; HISEQ1:24:H9TKDADXX:1:2104:19990:84863; HISEQ1:24:H9TKDADXX:1:2110:13524:100209; HISEQ1:24:H9TKDADXX:1:2113:17699:2630; HISEQ1:24:H9TKDADXX:1:2203:20241:88045; HISEQ1:25:H9UD6ADXX:1:1116:9285:17267; HISEQ1:25:H9UD6ADXX:2:1208:15749:44775; HISEQ1:26:HA2RRADXX:1:1111:18057:73669; HISEQ1:26:HA2RRADXX:2:1109:19792:53900; HISEQ1:26:HA2RRADXX:2:1203:9013:18218; HISEQ1:26:HA2RRADXX:2:2116:4168:57088; HISEQ1:27:HA2TEADXX:1:2110:17849:32743; HISEQ1:27:HA2TEADXX:2:1109:15973:56355; HISEQ1:27:HA2TEADXX:2:1113:12009:89804; HISEQ1:28:HA2RLADXX:1:1205:2960:95487; HISEQ1:28:HA2RLADXX:1:2207:17024:19318; HISEQ1:28:HA2RLADXX:2:1206:15259:94518; HISEQ1:28:HA2RLADXX:2:2101:1541:75283; HISEQ1:28:HA2RLADXX:2:2105:9547:34068; HISEQ1:28:HA2RLADXX:2:2110:5417:24662; HISEQ1:29:HA2WPADXX:2:1204:8496:72194; HISEQ1:29:HA2WPADXX:2:2213:3083:31370	RG4: 8/332
hg19	chr15:32895908:C:T	RG4 | FC:RG4_122 | chr15:32890749-32898934(+); RG4 | FC:RG4_137 | chr15:32893326-32898104(-); RG4 | FC:RG4_145 | chr15:32891330-32896173(+); RG4 | FC:RG4_164 | chr15:32893971-32896173(-); RG4 | FC:RG4_165 | chr15:32894787-32897470(+); RG4 | FC:RG4_166 | chr15:32895481-32898934(+); RG4 | FC:RG4_173 | chr15:32895473-32899046(+); RG4 | FC:RG4_174 | chr15:32895477-32898934(+); RG4 | FC:RG4_175 | chr15:32895548-32898934(+); RG4 | FC:RG4_176 | chr15:32895550-32898934(+)	RG4 | NFC:RG4_122 | chr15:32682225-32685611(+); RG4 | NFC:RG4_122 | chr15:32682225-32685678(-); RG4 | NFC:RG4_122 | chr15:32683063-32687841(+); RG4 | NFC:RG4_137 | chr15:32683055-32685678(-); RG4 | NFC:RG4_137 | chr15:32683063-32687841(+); RG4 | NFC:RG4_145 | chr15:32684986-32685611(+); RG4 | NFC:RG4_145 | chr15:32684986-32685678(-); RG4 | NFC:RG4_145 | chr15:32684994-32687841(+); RG4 | NFC:RG4_145 | chr15:32685018-32685677(+); RG4 | NFC:RG4_145 | chr15:32685018-32685678(+); RG4 | NFC:RG4_145 | chr15:32685021-32685679(+); RG4 | NFC:RG4_164 | chr15:32684986-32685678(-); RG4 | NFC:RG4_164 | chr15:32684994-32687196(+); RG4 | NFC:RG4_164 | chr15:32685021-32685611(+); RG4 | NFC:RG4_164 | chr15:32685021-32685677(+); RG4 | NFC:RG4_164 | chr15:32685021-32685678(+); RG4 | NFC:RG4_165 | chr15:32683689-32685678(-); RG4 | NFC:RG4_165 | chr15:32683690-32685680(+); RG4 | NFC:RG4_165 | chr15:32683697-32686380(+); RG4 | NFC:RG4_165 | chr15:32683743-32685677(+); RG4 | NFC:RG4_165 | chr15:32683743-32685678(+); RG4 | NFC:RG4_165 | chr15:32684737-32685317(+); RG4 | NFC:RG4_166 | chr15:32682225-32685678(-); RG4 | NFC:RG4_166 | chr15:32683063-32685686(+); RG4 | NFC:RG4_173 | chr15:32682115-32685688(+); RG4 | NFC:RG4_173 | chr15:32682225-32685678(-); RG4 | NFC:RG4_173 | chr15:32682837-32686329(-); RG4 | NFC:RG4_173 | chr15:32683063-32685694(+); RG4 | NFC:RG4_174 | chr15:32682225-32685678(-); RG4 | NFC:RG4_174 | chr15:32683063-32685690(+); RG4 | NFC:RG4_175 | chr15:32682225-32685610(+); RG4 | NFC:RG4_175 | chr15:32682225-32685611(-); RG4 | NFC:RG4_175 | chr15:32683063-32685619(+); RG4 | NFC:RG4_176 | chr15:32682225-32685609(-); RG4 | NFC:RG4_176 | chr15:32682227-32685611(+); RG4 | NFC:RG4_176 | chr15:32683063-32685617(+); RG4 | NFC:RG4_219 | chr15:32684737-32685317(+)	RG4	RG4_122; RG4_137; RG4_145; RG4_164; RG4_165; RG4_166; RG4_173; RG4_174; RG4_175; RG4_176	RG4_122; RG4_137; RG4_145; RG4_164; RG4_165; RG4_166; RG4_173; RG4_174; RG4_175; RG4_176; RG4_219	n=2; HISEQ1:21:H9V1VADXX:2:1114:9689:74014; HISEQ1:23:H9UD5ADXX:1:2201:19437:31454	n=29; HISEQ1:18:H8VC6ADXX:1:1211:10174:43285; HISEQ1:18:H8VC6ADXX:2:1114:17001:88171; HISEQ1:18:H8VC6ADXX:2:2112:19975:40802; HISEQ1:19:H8VDAADXX:2:1111:8296:93400; HISEQ1:19:H8VDAADXX:2:1211:3525:81946; HISEQ1:19:H8VDAADXX:2:2209:15325:3305; HISEQ1:20:H9V1RADXX:2:2114:1349:78695; HISEQ1:21:H9V1VADXX:2:1114:9689:74014; HISEQ1:21:H9V1VADXX:2:1207:11617:61718; HISEQ1:21:H9V1VADXX:2:2116:12350:76517; HISEQ1:22:H9UJNADXX:1:1212:14760:96616; HISEQ1:22:H9UJNADXX:1:2101:6406:75859; HISEQ1:22:H9UJNADXX:1:2113:13602:97730; HISEQ1:22:H9UJNADXX:1:2208:15711:70144; HISEQ1:23:H9UD5ADXX:1:2201:19437:31454; HISEQ1:24:H9TKDADXX:1:1216:6413:20924; HISEQ1:24:H9TKDADXX:1:2113:4438:88648; HISEQ1:25:H9UD6ADXX:1:1212:4864:59952; HISEQ1:25:H9UD6ADXX:1:2203:16808:45190; HISEQ1:25:H9UD6ADXX:1:2214:2215:78152; HISEQ1:25:H9UD6ADXX:2:2204:2782:65580; HISEQ1:26:HA2RRADXX:1:1208:10990:92292; HISEQ1:26:HA2RRADXX:1:2204:15673:85963; HISEQ1:27:HA2TEADXX:1:1106:17899:58266; HISEQ1:27:HA2TEADXX:1:2114:3733:30605; HISEQ1:28:HA2RLADXX:2:1102:16518:101008; HISEQ1:28:HA2RLADXX:2:2101:1541:75283; HISEQ1:29:HA2WPADXX:2:1215:13911:63286; HISEQ1:29:HA2WPADXX:2:2213:9920:28931	RG4: 8/337
hg19	chr16:18428749:G:A	RG12 | FC:RG12_47 | chr16:18428167-18431531(-); RG12 | FC:RG12_65 | chr16:18428177-18429067(+); RG12 | FC:RG12_66 | chr16:18428257-18429057(+); RG20 | FC:RG20_1 | chr16:18417684-18435164(+); RG20 | FC:RG20_15 | chr16:18426725-18430089(-)		RG12; RG20	RG12_47; RG12_65; RG12_66; RG20_1; RG20_15		n=1; HISEQ1:20:H9V1RADXX:2:2214:7606:84436	n=4; HISEQ1:20:H9V1RADXX:2:2214:7606:84436; HISEQ1:21:H9V1VADXX:2:1112:8393:26680; HISEQ1:21:H9V1VADXX:2:2202:10760:16329; HISEQ1:26:HA2RRADXX:1:1212:13533:22532	RG12: 1/191; RG20: 1/196
chm13	chr2:106855473:C:CTTT	RG0 | FC:RG0_221 | chr2:106854863-106860422(-); RG0 | FC:RG0_225 | chr2:106851264-106856816(+); RG0 | FC:RG0_226 | chr2:106853543-106857619(-); RG0 | FC:RG0_228 | chr2:106851250-106855706(+); RG0 | FC:RG0_243 | chr2:106855014-106856935(+)	RG0 | NFC:RG0_221 | chr2:108360642-108363398(+); RG0 | NFC:RG0_225 | chr2:108361445-108364710(+); RG0 | NFC:RG0_226 | chr2:108360642-108364710(+); RG0 | NFC:RG0_228 | chr2:108362555-108364710(+); RG0 | NFC:RG0_243 | chr2:108361326-108363247(+)	RG0	RG0_221; RG0_225; RG0_226; RG0_228; RG0_243	RG0_221; RG0_225; RG0_226; RG0_228; RG0_243	n=2; HISEQ1:18:H8VC6ADXX:1:2107:17881:51223; HISEQ1:19:H8VDAADXX:1:2207:2831:41766	n=3; HISEQ1:18:H8VC6ADXX:1:2107:17881:51223; HISEQ1:19:H8VDAADXX:1:2207:2831:41766; HISEQ1:19:H8VDAADXX:2:2103:3595:90194	RG0: 2/133
chm13	chr2:106873054:G:GT	RG0 | FC:RG0_156 | chr2:106872211-106873432(-); RG0 | FC:RG0_44 | chr2:106870633-106873054(+); RG0 | FC:RG0_45 | chr2:106870657-106873084(-); RG0 | FC:RG0_79 | chr2:106871518-106873068(-); RG1 | FC:RG1_2 | chr2:106870585-106873947(+); RG2 | chr2:106872960-106875631; RG3 | FC:RG3_3 | chr2:106873032-106873947(+)	RG0 | FC:RG0_43 | chr2:106870624-106873046(+); RG0 | NFC:RG0_156 | chr2:87782496-87783717(+); RG0 | NFC:RG0_43 | chr2:87780909-87783331(+); RG0 | NFC:RG0_44 | chr2:87780918-87783339(+); RG0 | NFC:RG0_45 | chr2:87780942-87783369(+); RG0 | NFC:RG0_79 | chr2:87781803-87783353(+); RG1 | NFC:RG1_2 | chr2:87780870-87784227(+); RG3 | FC:RG3_2 | chr2:106871308-106873006(+); RG3 | NFC:RG3_2 | chr2:87781593-87783291(+)	RG0; RG1; RG2; RG3	RG0_156; RG0_44; RG0_45; RG0_79; RG1_2; RG3_3	RG0_156; RG0_43; RG0_44; RG0_45; RG0_79; RG1_2; RG3_2	n=5; HISEQ1:18:H8VC6ADXX:2:1205:5659:75705; HISEQ1:18:H8VC6ADXX:2:2116:1802:78144; HISEQ1:18:H8VC6ADXX:2:2207:19007:42948; HISEQ1:19:H8VDAADXX:2:2104:6664:91498; HISEQ1:19:H8VDAADXX:2:2111:7636:44564	n=5; HISEQ1:18:H8VC6ADXX:2:1205:5659:75705; HISEQ1:18:H8VC6ADXX:2:2116:1802:78144; HISEQ1:18:H8VC6ADXX:2:2207:19007:42948; HISEQ1:19:H8VDAADXX:2:2104:6664:91498; HISEQ1:19:H8VDAADXX:2:2111:7636:44564	RG0: 0/213; RG1: 0/140; RG2: 0/93; RG3: 0/135
chm13	chr2:106873054:GTTTT:G	RG0 | FC:RG0_156 | chr2:106872211-106873432(-); RG0 | FC:RG0_44 | chr2:106870633-106873054(+); RG0 | FC:RG0_45 | chr2:106870657-106873084(-); RG0 | FC:RG0_79 | chr2:106871518-106873068(-); RG1 | FC:RG1_2 | chr2:106870585-106873947(+); RG2 | chr2:106872960-106875631; RG3 | FC:RG3_3 | chr2:106873032-106873947(+)	RG0 | FC:RG0_43 | chr2:106870624-106873046(+); RG0 | NFC:RG0_1 | chr2:108335155-108345180(+); RG0 | NFC:RG0_114 | chr2:108344306-108345180(+); RG0 | NFC:RG0_115 | chr2:108344298-108345180(+); RG0 | NFC:RG0_156 | chr2:87782496-87783717(+); RG0 | NFC:RG0_43 | chr2:87780909-87783331(+); RG0 | NFC:RG0_44 | chr2:87780918-87783339(+); RG0 | NFC:RG0_45 | chr2:87780942-87783369(+); RG0 | NFC:RG0_79 | chr2:87781803-87783353(+); RG1 | NFC:RG1_2 | chr2:87780870-87784227(+); RG2 | NFC:RG2_3 | chr2:87783317-87784227(+); RG3 | FC:RG3_2 | chr2:106871308-106873006(+); RG3 | NFC:RG3_2 | chr2:87781593-87783291(+); RG3 | NFC:RG3_3 | chr2:108344332-108345180(+); RG3 | NFC:RG3_3 | chr2:87783317-87784227(+)	RG0; RG1; RG2; RG3	RG0_156; RG0_44; RG0_45; RG0_79; RG1_2; RG3_3	RG0_1; RG0_114; RG0_115; RG0_156; RG0_43; RG0_44; RG0_45; RG0_79; RG1_2; RG2_3; RG3_2; RG3_3	n=21; HISEQ1:18:H8VC6ADXX:1:1108:20136:30790; HISEQ1:18:H8VC6ADXX:1:1114:9393:81168; HISEQ1:18:H8VC6ADXX:1:1204:2883:33961; HISEQ1:18:H8VC6ADXX:1:2114:13212:31395; HISEQ1:18:H8VC6ADXX:1:2202:19228:50661; HISEQ1:18:H8VC6ADXX:1:2211:4830:9350; HISEQ1:18:H8VC6ADXX:1:2212:16522:60293; HISEQ1:18:H8VC6ADXX:1:2214:8083:25790; HISEQ1:18:H8VC6ADXX:2:1114:15638:44778; HISEQ1:18:H8VC6ADXX:2:1114:17263:29282; HISEQ1:18:H8VC6ADXX:2:1115:13907:58571; HISEQ1:18:H8VC6ADXX:2:1203:12453:19557; HISEQ1:18:H8VC6ADXX:2:1205:5659:75705; HISEQ1:18:H8VC6ADXX:2:2116:1802:78144; HISEQ1:18:H8VC6ADXX:2:2207:19007:42948; HISEQ1:18:H8VC6ADXX:2:2207:19238:96929; HISEQ1:19:H8VDAADXX:1:2206:10729:88681; HISEQ1:19:H8VDAADXX:1:2211:17998:71585; HISEQ1:19:H8VDAADXX:1:2212:1423:86352; HISEQ1:19:H8VDAADXX:2:2104:6664:91498; HISEQ1:19:H8VDAADXX:2:2111:7636:44564	n=21; HISEQ1:18:H8VC6ADXX:1:1108:20136:30790; HISEQ1:18:H8VC6ADXX:1:1114:9393:81168; HISEQ1:18:H8VC6ADXX:1:1204:2883:33961; HISEQ1:18:H8VC6ADXX:1:2114:13212:31395; HISEQ1:18:H8VC6ADXX:1:2202:19228:50661; HISEQ1:18:H8VC6ADXX:1:2211:4830:9350; HISEQ1:18:H8VC6ADXX:1:2212:16522:60293; HISEQ1:18:H8VC6ADXX:1:2214:8083:25790; HISEQ1:18:H8VC6ADXX:2:1114:15638:44778; HISEQ1:18:H8VC6ADXX:2:1114:17263:29282; HISEQ1:18:H8VC6ADXX:2:1115:13907:58571; HISEQ1:18:H8VC6ADXX:2:1203:12453:19557; HISEQ1:18:H8VC6ADXX:2:1205:5659:75705; HISEQ1:18:H8VC6ADXX:2:2116:1802:78144; HISEQ1:18:H8VC6ADXX:2:2207:19007:42948; HISEQ1:18:H8VC6ADXX:2:2207:19238:96929; HISEQ1:19:H8VDAADXX:1:2206:10729:88681; HISEQ1:19:H8VDAADXX:1:2211:17998:71585; HISEQ1:19:H8VDAADXX:1:2212:1423:86352; HISEQ1:19:H8VDAADXX:2:2104:6664:91498; HISEQ1:19:H8VDAADXX:2:2111:7636:44564	RG0: 1/213; RG1: 1/140; RG2: 1/93; RG3: 1/135
chm13	chr2:106902624:CA:C	RG0 | FC:RG0_12 | chr2:106898313-106902646(-); RG0 | FC:RG0_24 | chr2:106901093-106903279(-); RG0 | FC:RG0_3 | chr2:106898337-106904015(-); RG1 | FC:RG1_3 | chr2:106901859-106904014(-); RG1 | FC:RG1_5 | chr2:106902594-106904399(+); RG2 | FC:RG2_5 | chr2:106900470-106902647(+)	RG0 | FC:RG0_54 | chr2:106900422-106902562(+); RG0 | FC:RG0_55 | chr2:106900462-106902602(+); RG0 | FC:RG0_56 | chr2:106900470-106902610(+); RG0 | FC:RG0_69 | chr2:106901010-106902562(+); RG1 | NFC:RG1_3 | chr2:106900966-106902644(+); RG2 | NFC:RG2_5 | chr2:106901859-106903537(-)	RG0; RG1; RG2	RG0_12; RG0_24; RG0_3; RG1_3; RG1_5; RG2_5	RG0_54; RG0_55; RG0_56; RG0_69; RG1_3; RG2_5	n=6; HISEQ1:18:H8VC6ADXX:1:1204:8763:21188; HISEQ1:18:H8VC6ADXX:2:1215:3515:6948; HISEQ1:18:H8VC6ADXX:2:2106:8767:69809; HISEQ1:18:H8VC6ADXX:2:2214:3007:49767; HISEQ1:18:H8VC6ADXX:2:2216:4973:30607; HISEQ1:19:H8VDAADXX:2:2113:20035:14010	n=6; HISEQ1:18:H8VC6ADXX:1:1204:8763:21188; HISEQ1:18:H8VC6ADXX:2:1215:3515:6948; HISEQ1:18:H8VC6ADXX:2:2106:8767:69809; HISEQ1:18:H8VC6ADXX:2:2214:3007:49767; HISEQ1:18:H8VC6ADXX:2:2216:4973:30607; HISEQ1:19:H8VDAADXX:2:2113:20035:14010	RG0: 0/171; RG1: 0/150; RG2: 0/141
chm13	chr2:106911468:C:CA	RG0 | FC:RG0_13 | chr2:106910171-106914301(-); RG0 | FC:RG0_177 | chr2:106910255-106911498(-); RG0 | FC:RG0_192 | chr2:106910924-106911617(-); RG0 | FC:RG0_193 | chr2:106910932-106911613(-); RG1 | chr2:106911304-106915000	RG0 | FC:RG0_176 | chr2:106910226-106911460(+); RG0 | FC:RG0_5 | chr2:106907069-106911455(+); RG0 | NFC:RG0_13 | chr2:108306799-108308042(+); RG0 | NFC:RG0_13 | chr2:112841234-112842468(+); RG0 | NFC:RG0_176 | chr2:112841234-112842468(+); RG0 | NFC:RG0_177 | chr2:108306799-108308042(+); RG0 | NFC:RG0_177 | chr2:112841263-112842468(+); RG0 | NFC:RG0_192 | chr2:108306799-108307373(+); RG0 | NFC:RG0_192 | chr2:112841932-112842468(+); RG0 | NFC:RG0_193 | chr2:108306799-108307365(+); RG0 | NFC:RG0_193 | chr2:112841940-112842468(+); RG0 | NFC:RG0_5 | chr2:112841234-112842463(+)	RG0; RG1	RG0_13; RG0_177; RG0_192; RG0_193	RG0_13; RG0_176; RG0_177; RG0_192; RG0_193; RG0_5	n=149; HISEQ1:18:H8VC6ADXX:1:1101:15413:50678; HISEQ1:18:H8VC6ADXX:1:1102:4096:79774; HISEQ1:18:H8VC6ADXX:1:1104:11023:36495; HISEQ1:18:H8VC6ADXX:1:1105:13638:21187; HISEQ1:18:H8VC6ADXX:1:1105:13897:36169; HISEQ1:18:H8VC6ADXX:1:1107:4471:87870; HISEQ1:18:H8VC6ADXX:1:1109:13981:33705; HISEQ1:18:H8VC6ADXX:1:1111:8988:43609; HISEQ1:18:H8VC6ADXX:1:1112:12336:32381; HISEQ1:18:H8VC6ADXX:1:1112:13734:72287; HISEQ1:18:H8VC6ADXX:1:1112:5706:63094; HISEQ1:18:H8VC6ADXX:1:1112:6385:59799; HISEQ1:18:H8VC6ADXX:1:1113:17632:43967; HISEQ1:18:H8VC6ADXX:1:1113:6688:78045; HISEQ1:18:H8VC6ADXX:1:1114:5649:14875; HISEQ1:18:H8VC6ADXX:1:1114:6950:34602; HISEQ1:18:H8VC6ADXX:1:1115:16977:62351; HISEQ1:18:H8VC6ADXX:1:1116:12107:99427; HISEQ1:18:H8VC6ADXX:1:1116:9016:11977; HISEQ1:18:H8VC6ADXX:1:1202:11013:70706; HISEQ1:18:H8VC6ADXX:1:1205:21296:48566; HISEQ1:18:H8VC6ADXX:1:1206:6026:59248; HISEQ1:18:H8VC6ADXX:1:1207:14310:67974; HISEQ1:18:H8VC6ADXX:1:1210:1677:99077; HISEQ1:18:H8VC6ADXX:1:1210:20393:78332; HISEQ1:18:H8VC6ADXX:1:1212:11279:64014; HISEQ1:18:H8VC6ADXX:1:1212:2912:38877; HISEQ1:18:H8VC6ADXX:1:1214:12298:64402; HISEQ1:18:H8VC6ADXX:1:1215:6199:71973; HISEQ1:18:H8VC6ADXX:1:1215:9839:71857; HISEQ1:18:H8VC6ADXX:1:1216:1635:96864; HISEQ1:18:H8VC6ADXX:1:1216:19382:60842; HISEQ1:18:H8VC6ADXX:1:2101:1958:68680; HISEQ1:18:H8VC6ADXX:1:2102:11637:68510; HISEQ1:18:H8VC6ADXX:1:2102:15396:25647; HISEQ1:18:H8VC6ADXX:1:2102:18614:97967; HISEQ1:18:H8VC6ADXX:1:2104:14497:69743; HISEQ1:18:H8VC6ADXX:1:2104:18622:61873; HISEQ1:18:H8VC6ADXX:1:2106:11078:27847; HISEQ1:18:H8VC6ADXX:1:2107:12710:31203; HISEQ1:18:H8VC6ADXX:1:2108:2245:56089; HISEQ1:18:H8VC6ADXX:1:2110:18465:91328; HISEQ1:18:H8VC6ADXX:1:2112:17375:36942; HISEQ1:18:H8VC6ADXX:1:2113:14467:50743; HISEQ1:18:H8VC6ADXX:1:2114:2959:71186; HISEQ1:18:H8VC6ADXX:1:2116:10713:95807; HISEQ1:18:H8VC6ADXX:1:2116:17104:10362; HISEQ1:18:H8VC6ADXX:1:2116:2130:4969; HISEQ1:18:H8VC6ADXX:1:2201:12688:47185; HISEQ1:18:H8VC6ADXX:1:2201:19453:9387; HISEQ1:18:H8VC6ADXX:1:2202:13044:90796; HISEQ1:18:H8VC6ADXX:1:2203:12874:98119; HISEQ1:18:H8VC6ADXX:1:2203:18802:45701; HISEQ1:18:H8VC6ADXX:1:2203:20677:53491; HISEQ1:18:H8VC6ADXX:1:2204:14782:55017; HISEQ1:18:H8VC6ADXX:1:2205:17646:26793; HISEQ1:18:H8VC6ADXX:1:2206:1443:78554; HISEQ1:18:H8VC6ADXX:1:2206:2881:73591; HISEQ1:18:H8VC6ADXX:1:2207:16780:56053; HISEQ1:18:H8VC6ADXX:1:2209:17262:74431; HISEQ1:18:H8VC6ADXX:1:2209:17913:17876; HISEQ1:18:H8VC6ADXX:1:2211:11813:30922; HISEQ1:18:H8VC6ADXX:1:2212:17194:55936; HISEQ1:18:H8VC6ADXX:1:2212:17646:90279; HISEQ1:18:H8VC6ADXX:1:2213:8094:2788; HISEQ1:18:H8VC6ADXX:1:2216:20998:52622; HISEQ1:18:H8VC6ADXX:2:1104:17080:5510; HISEQ1:18:H8VC6ADXX:2:1106:4900:47169; HISEQ1:18:H8VC6ADXX:2:1107:5329:36628; HISEQ1:18:H8VC6ADXX:2:1108:6489:6979; HISEQ1:18:H8VC6ADXX:2:1110:17012:19202; HISEQ1:18:H8VC6ADXX:2:1111:14582:59638; HISEQ1:18:H8VC6ADXX:2:1115:18120:82374; HISEQ1:18:H8VC6ADXX:2:1203:18578:75943; HISEQ1:18:H8VC6ADXX:2:1203:6291:79588; HISEQ1:18:H8VC6ADXX:2:1205:9103:16585; HISEQ1:18:H8VC6ADXX:2:1206:11461:10755; HISEQ1:18:H8VC6ADXX:2:1206:12123:48893; HISEQ1:18:H8VC6ADXX:2:1206:4822:55030; HISEQ1:18:H8VC6ADXX:2:1206:7651:40750; HISEQ1:18:H8VC6ADXX:2:1209:12289:100346; HISEQ1:18:H8VC6ADXX:2:1212:15060:65210; HISEQ1:18:H8VC6ADXX:2:1212:16970:14936; HISEQ1:18:H8VC6ADXX:2:1214:10962:73022; HISEQ1:18:H8VC6ADXX:2:1215:11377:22261; HISEQ1:18:H8VC6ADXX:2:1215:15574:30955; HISEQ1:18:H8VC6ADXX:2:1215:7185:17095; HISEQ1:18:H8VC6ADXX:2:2102:9107:76645; HISEQ1:18:H8VC6ADXX:2:2103:12450:50386; HISEQ1:18:H8VC6ADXX:2:2104:12031:8827; HISEQ1:18:H8VC6ADXX:2:2104:18795:61721; HISEQ1:18:H8VC6ADXX:2:2107:14154:33491; HISEQ1:18:H8VC6ADXX:2:2107:15864:35055; HISEQ1:18:H8VC6ADXX:2:2107:16460:33272; HISEQ1:18:H8VC6ADXX:2:2107:3508:94469; HISEQ1:18:H8VC6ADXX:2:2110:5808:7820; HISEQ1:18:H8VC6ADXX:2:2111:14443:2235; HISEQ1:18:H8VC6ADXX:2:2112:7697:72351; HISEQ1:18:H8VC6ADXX:2:2113:11016:96093; HISEQ1:18:H8VC6ADXX:2:2113:19027:32522; HISEQ1:18:H8VC6ADXX:2:2113:3176:4352; HISEQ1:18:H8VC6ADXX:2:2113:7990:15969; HISEQ1:18:H8VC6ADXX:2:2115:1342:98195; HISEQ1:18:H8VC6ADXX:2:2115:14739:10678; HISEQ1:18:H8VC6ADXX:2:2202:13171:45178; HISEQ1:18:H8VC6ADXX:2:2204:15070:64940; HISEQ1:18:H8VC6ADXX:2:2204:17467:39952; HISEQ1:18:H8VC6ADXX:2:2204:4502:19763; HISEQ1:18:H8VC6ADXX:2:2206:10860:68775; HISEQ1:18:H8VC6ADXX:2:2206:14056:37935; HISEQ1:18:H8VC6ADXX:2:2206:1844:72827; HISEQ1:18:H8VC6ADXX:2:2207:16049:84464; HISEQ1:18:H8VC6ADXX:2:2207:5323:92715; HISEQ1:18:H8VC6ADXX:2:2208:19323:69625; HISEQ1:18:H8VC6ADXX:2:2209:12490:44967; HISEQ1:18:H8VC6ADXX:2:2209:2973:36031; HISEQ1:18:H8VC6ADXX:2:2210:14770:6946; HISEQ1:18:H8VC6ADXX:2:2210:8576:23404; HISEQ1:18:H8VC6ADXX:2:2210:9947:94156; HISEQ1:18:H8VC6ADXX:2:2211:5967:85542; HISEQ1:18:H8VC6ADXX:2:2215:17983:48050; HISEQ1:18:H8VC6ADXX:2:2216:3401:95958; HISEQ1:18:H8VC6ADXX:2:2216:3742:46196; HISEQ1:19:H8VDAADXX:1:1102:15929:18883; HISEQ1:19:H8VDAADXX:1:1102:17619:91747; HISEQ1:19:H8VDAADXX:1:1103:15535:93764; HISEQ1:19:H8VDAADXX:1:1106:13716:81661; HISEQ1:19:H8VDAADXX:1:1107:5051:54894; HISEQ1:19:H8VDAADXX:1:1109:13583:41802; HISEQ1:19:H8VDAADXX:1:1114:12987:4004; HISEQ1:19:H8VDAADXX:1:1114:5466:56077; HISEQ1:19:H8VDAADXX:1:1201:6153:37166; HISEQ1:19:H8VDAADXX:1:1202:19759:78909; HISEQ1:19:H8VDAADXX:1:1204:11694:48018; HISEQ1:19:H8VDAADXX:1:1204:19212:62186; HISEQ1:19:H8VDAADXX:1:1208:1477:7073; HISEQ1:19:H8VDAADXX:1:2103:6687:56283; HISEQ1:19:H8VDAADXX:1:2201:8961:42077; HISEQ1:19:H8VDAADXX:1:2207:13972:24468; HISEQ1:19:H8VDAADXX:1:2212:18781:12427; HISEQ1:19:H8VDAADXX:1:2212:9493:37113; HISEQ1:19:H8VDAADXX:1:2214:2070:18352; HISEQ1:19:H8VDAADXX:2:1103:15290:21438; HISEQ1:19:H8VDAADXX:2:1109:9486:46426; HISEQ1:19:H8VDAADXX:2:1213:4987:12053; HISEQ1:19:H8VDAADXX:2:2103:21236:71677; HISEQ1:19:H8VDAADXX:2:2113:1389:40880; HISEQ1:19:H8VDAADXX:2:2209:19221:15363; HISEQ1:19:H8VDAADXX:2:2212:17218:71579	n=2013; Complete list: Qname mappings sheet	RG0: 0/162; RG1: 0/113
chm13	chr2:106914415:C:G	RG0 | FC:RG0_2 | chr2:106911869-106923456(-); RG0 | FC:RG0_57 | chr2:106911885-106914540(+); RG0 | FC:RG0_58 | chr2:106912018-106914548(+); RG0 | FC:RG0_98 | chr2:106913253-106914548(+); RG1 | FC:RG1_6 | chr2:106911804-106914500(+); RG2 | FC:RG2_11 | chr2:106913784-106914633(-)	RG0 | NFC:RG0_2 | chr2:108294834-108306418(+); RG0 | NFC:RG0_57 | chr2:108303750-108306405(+); RG0 | NFC:RG0_58 | chr2:108303742-108306272(+); RG0 | NFC:RG0_98 | chr2:108303742-108305037(+); RG1 | NFC:RG1_6 | chr2:106913784-106914633(-); RG1 | NFC:RG1_6 | chr2:108303790-108306418(+); RG2 | NFC:RG2_11 | chr2:108303657-108304506(+)	RG0; RG1; RG2	RG0_2; RG0_57; RG0_58; RG0_98; RG1_6; RG2_11	RG0_2; RG0_57; RG0_58; RG0_98; RG1_6; RG2_11	n=3; HISEQ1:18:H8VC6ADXX:1:2213:6176:35433; HISEQ1:19:H8VDAADXX:1:1109:12092:40388; HISEQ1:19:H8VDAADXX:1:2108:18126:81573	n=3; HISEQ1:18:H8VC6ADXX:1:2213:6176:35433; HISEQ1:19:H8VDAADXX:1:1109:12092:40388; HISEQ1:19:H8VDAADXX:1:2108:18126:81573	RG0: 3/211; RG1: 3/190; RG2: 3/154
chm13	chr2:106919618:C:T	RG0 | FC:RG0_145 | chr2:106919489-106920155(+); RG0 | FC:RG0_2 | chr2:106911869-106923456(-); RG0 | FC:RG0_37 | chr2:106917969-106920163(+); RG0 | FC:RG0_60 | chr2:106919020-106920774(-); RG0 | FC:RG0_9 | chr2:106918114-106921972(-); RG1 | FC:RG1_7 | chr2:106918612-106920379(+); RG2 | chr2:106919445-106922011	RG0 | NFC:RG0_10 | chr2:108294886-108298667(+); RG0 | NFC:RG0_145 | chr2:108298135-108298801(+); RG0 | NFC:RG0_145 | chr2:112850463-112851129(+); RG0 | NFC:RG0_2 | chr2:108294834-108306418(+); RG0 | NFC:RG0_2 | chr2:112850463-112851129(+); RG0 | NFC:RG0_37 | chr2:108298127-108300321(+); RG0 | NFC:RG0_37 | chr2:112850463-112851129(+); RG0 | NFC:RG0_42 | chr2:108296736-108298667(+); RG0 | NFC:RG0_60 | chr2:108297516-108299270(+); RG0 | NFC:RG0_60 | chr2:112850463-112851129(+); RG0 | NFC:RG0_9 | chr2:108296318-108300176(+); RG0 | NFC:RG0_9 | chr2:112850463-112851129(+); RG1 | NFC:RG1_7 | chr2:108297911-108299678(+); RG1 | NFC:RG1_7 | chr2:112850463-112851129(+); RG2 | NFC:RG2_6 | chr2:106919069-106920370(+)	RG0; RG1; RG2	RG0_145; RG0_2; RG0_37; RG0_60; RG0_9; RG1_7	RG0_10; RG0_145; RG0_2; RG0_37; RG0_42; RG0_60; RG0_9; RG1_7; RG2_6	n=12; HISEQ1:18:H8VC6ADXX:1:1208:18669:50389; HISEQ1:18:H8VC6ADXX:1:2103:5136:76559; HISEQ1:18:H8VC6ADXX:1:2106:2218:73693; HISEQ1:18:H8VC6ADXX:1:2211:2998:34375; HISEQ1:18:H8VC6ADXX:1:2212:19225:86803; HISEQ1:18:H8VC6ADXX:2:1115:15777:98229; HISEQ1:18:H8VC6ADXX:2:1213:16763:29633; HISEQ1:18:H8VC6ADXX:2:2105:20594:51910; HISEQ1:18:H8VC6ADXX:2:2114:2572:7878; HISEQ1:18:H8VC6ADXX:2:2209:19569:4358; HISEQ1:19:H8VDAADXX:1:1209:15552:87001; HISEQ1:19:H8VDAADXX:2:1109:19425:92941	n=12; HISEQ1:18:H8VC6ADXX:1:1208:18669:50389; HISEQ1:18:H8VC6ADXX:1:2103:5136:76559; HISEQ1:18:H8VC6ADXX:1:2106:2218:73693; HISEQ1:18:H8VC6ADXX:1:2211:2998:34375; HISEQ1:18:H8VC6ADXX:1:2212:19225:86803; HISEQ1:18:H8VC6ADXX:2:1115:15777:98229; HISEQ1:18:H8VC6ADXX:2:1213:16763:29633; HISEQ1:18:H8VC6ADXX:2:2105:20594:51910; HISEQ1:18:H8VC6ADXX:2:2114:2572:7878; HISEQ1:18:H8VC6ADXX:2:2209:19569:4358; HISEQ1:19:H8VDAADXX:1:1209:15552:87001; HISEQ1:19:H8VDAADXX:2:1109:19425:92941	RG0: 13/307; RG1: 13/263; RG2: 3/130
chm13	chr2:106919674:T:C	RG0 | FC:RG0_10 | chr2:106919623-106923404(+); RG0 | FC:RG0_145 | chr2:106919489-106920155(+); RG0 | FC:RG0_2 | chr2:106911869-106923456(-); RG0 | FC:RG0_37 | chr2:106917969-106920163(+); RG0 | FC:RG0_42 | chr2:106919623-106921554(+); RG0 | FC:RG0_60 | chr2:106919020-106920774(-); RG0 | FC:RG0_9 | chr2:106918114-106921972(-); RG1 | FC:RG1_7 | chr2:106918612-106920379(+); RG2 | chr2:106919445-106922011	RG0 | NFC:RG0_10 | chr2:108294886-108298667(+); RG0 | NFC:RG0_10 | chr2:112850597-112851129(+); RG0 | NFC:RG0_145 | chr2:108298135-108298801(+); RG0 | NFC:RG0_145 | chr2:112850463-112851129(+); RG0 | NFC:RG0_2 | chr2:108294834-108306418(+); RG0 | NFC:RG0_2 | chr2:112850463-112851129(+); RG0 | NFC:RG0_37 | chr2:108298127-108300321(+); RG0 | NFC:RG0_37 | chr2:112850463-112851129(+); RG0 | NFC:RG0_42 | chr2:108296736-108298667(+); RG0 | NFC:RG0_42 | chr2:112850597-112851129(+); RG0 | NFC:RG0_60 | chr2:108297516-108299270(+); RG0 | NFC:RG0_60 | chr2:112850463-112851129(+); RG0 | NFC:RG0_9 | chr2:108296318-108300176(+); RG0 | NFC:RG0_9 | chr2:112850463-112851129(+); RG1 | NFC:RG1_7 | chr2:108297911-108299678(+); RG1 | NFC:RG1_7 | chr2:112850463-112851129(+); RG2 | NFC:RG2_6 | chr2:106919069-106920370(+)	RG0; RG1; RG2	RG0_10; RG0_145; RG0_2; RG0_37; RG0_42; RG0_60; RG0_9; RG1_7	RG0_10; RG0_145; RG0_2; RG0_37; RG0_42; RG0_60; RG0_9; RG1_7; RG2_6	n=6; HISEQ1:18:H8VC6ADXX:1:2212:19225:86803; HISEQ1:18:H8VC6ADXX:1:2213:9817:96945; HISEQ1:18:H8VC6ADXX:2:2111:15662:95999; HISEQ1:18:H8VC6ADXX:2:2214:8093:45092; HISEQ1:19:H8VDAADXX:1:1101:17468:46761; HISEQ1:19:H8VDAADXX:2:1111:12365:54734	n=6; HISEQ1:18:H8VC6ADXX:1:2212:19225:86803; HISEQ1:18:H8VC6ADXX:1:2213:9817:96945; HISEQ1:18:H8VC6ADXX:2:2111:15662:95999; HISEQ1:18:H8VC6ADXX:2:2214:8093:45092; HISEQ1:19:H8VDAADXX:1:1101:17468:46761; HISEQ1:19:H8VDAADXX:2:1111:12365:54734	RG0: 10/308; RG1: 10/260; RG2: 3/137
chm13	chr7:5400199:G:T	RG0 | FC:RG0_549 | chr7:5399140-5400232(+)		RG0	RG0_549		n=1; HISEQ1:19:H8VDAADXX:2:1207:19019:65684	n=1; HISEQ1:19:H8VDAADXX:2:1207:19019:65684	RG0: 0/7
chm13	chr7:75948589:T:C	RG0 | FC:RG0_553 | chr7:75935738-75952589(+)	RG0 | NFC:RG0_553 | chr7:76399316-76416158(-)	RG0	RG0_553	RG0_553	n=4; HISEQ1:18:H8VC6ADXX:1:2206:18101:18802; HISEQ1:18:H8VC6ADXX:2:2101:3026:89952; HISEQ1:18:H8VC6ADXX:2:2109:4413:47754; HISEQ1:19:H8VDAADXX:2:2209:15390:76023	n=4; HISEQ1:18:H8VC6ADXX:1:2206:18101:18802; HISEQ1:18:H8VC6ADXX:2:2101:3026:89952; HISEQ1:18:H8VC6ADXX:2:2109:4413:47754; HISEQ1:19:H8VDAADXX:2:2209:15390:76023	RG0: 3/72
chm13	chr7:75979009:G:GTCCCCTCCCCTCTCCTCCTGTCCCCTCCCT	RG0 | FC:RG0_555 | chr7:75972513-75984428(+)		RG0	RG0_555		n=1; HISEQ1:18:H8VC6ADXX:2:1109:4620:78250	n=1; HISEQ1:18:H8VC6ADXX:2:1109:4620:78250	RG0: 1/45
chm13	chr7:76029011:CT:C	RG0 | FC:RG0_559 | chr7:76027988-76029902(+)	RG0 | NFC:RG0_559 | chr7:76321971-76323885(-)	RG0	RG0_559	RG0_559	n=10; HISEQ1:18:H8VC6ADXX:1:1104:4537:54014; HISEQ1:18:H8VC6ADXX:1:2204:6728:35415; HISEQ1:18:H8VC6ADXX:2:1205:4889:5520; HISEQ1:18:H8VC6ADXX:2:1208:6910:97584; HISEQ1:18:H8VC6ADXX:2:1213:16764:9108; HISEQ1:18:H8VC6ADXX:2:2203:4050:22780; HISEQ1:18:H8VC6ADXX:2:2209:14435:94114; HISEQ1:18:H8VC6ADXX:2:2213:3936:11288; HISEQ1:19:H8VDAADXX:1:2213:5998:50560; HISEQ1:19:H8VDAADXX:2:2207:8655:19327	n=18; HISEQ1:18:H8VC6ADXX:1:1104:4537:54014; HISEQ1:18:H8VC6ADXX:1:1107:9648:15923; HISEQ1:18:H8VC6ADXX:1:1211:4520:56166; HISEQ1:18:H8VC6ADXX:1:2202:5342:69075; HISEQ1:18:H8VC6ADXX:1:2204:6728:35415; HISEQ1:18:H8VC6ADXX:2:1105:9419:58702; HISEQ1:18:H8VC6ADXX:2:1205:4889:5520; HISEQ1:18:H8VC6ADXX:2:1208:6910:97584; HISEQ1:18:H8VC6ADXX:2:1213:16764:9108; HISEQ1:18:H8VC6ADXX:2:2114:3237:95187; HISEQ1:18:H8VC6ADXX:2:2203:4050:22780; HISEQ1:18:H8VC6ADXX:2:2204:20037:23646; HISEQ1:18:H8VC6ADXX:2:2209:14435:94114; HISEQ1:18:H8VC6ADXX:2:2213:3936:11288; HISEQ1:19:H8VDAADXX:1:2213:5998:50560; HISEQ1:19:H8VDAADXX:2:1205:20916:8264; HISEQ1:19:H8VDAADXX:2:1209:8652:27357; HISEQ1:19:H8VDAADXX:2:2207:8655:19327	RG0: 0/43
chm13	chr7:76042375:C:CTTT	RG0 | FC:RG0_563 | chr7:76041092-76044222(+)	RG0 | NFC:RG0_563 | chr7:76305857-76308982(-)	RG0	RG0_563	RG0_563	n=24; HISEQ1:18:H8VC6ADXX:1:1115:18725:8167; HISEQ1:18:H8VC6ADXX:1:1201:15068:59873; HISEQ1:18:H8VC6ADXX:1:1203:5031:17638; HISEQ1:18:H8VC6ADXX:1:1208:12585:90734; HISEQ1:18:H8VC6ADXX:1:1209:16722:3142; HISEQ1:18:H8VC6ADXX:1:2106:5473:47414; HISEQ1:18:H8VC6ADXX:1:2203:4490:25056; HISEQ1:18:H8VC6ADXX:1:2204:21161:17749; HISEQ1:18:H8VC6ADXX:1:2212:14156:14961; HISEQ1:18:H8VC6ADXX:1:2215:20442:46718; HISEQ1:18:H8VC6ADXX:2:1102:14589:79322; HISEQ1:18:H8VC6ADXX:2:1103:5272:6105; HISEQ1:18:H8VC6ADXX:2:1106:17397:26434; HISEQ1:18:H8VC6ADXX:2:1111:12691:56963; HISEQ1:18:H8VC6ADXX:2:1203:20475:57236; HISEQ1:18:H8VC6ADXX:2:2104:16837:89183; HISEQ1:18:H8VC6ADXX:2:2113:5629:48361; HISEQ1:18:H8VC6ADXX:2:2114:3851:76211; HISEQ1:18:H8VC6ADXX:2:2207:3224:100807; HISEQ1:19:H8VDAADXX:1:1102:20322:26754; HISEQ1:19:H8VDAADXX:1:1102:8710:63531; HISEQ1:19:H8VDAADXX:1:1209:6519:14425; HISEQ1:19:H8VDAADXX:2:1103:15858:58229; HISEQ1:19:H8VDAADXX:2:2209:19028:68780	n=24; HISEQ1:18:H8VC6ADXX:1:1115:18725:8167; HISEQ1:18:H8VC6ADXX:1:1201:15068:59873; HISEQ1:18:H8VC6ADXX:1:1203:5031:17638; HISEQ1:18:H8VC6ADXX:1:1208:12585:90734; HISEQ1:18:H8VC6ADXX:1:1209:16722:3142; HISEQ1:18:H8VC6ADXX:1:2106:5473:47414; HISEQ1:18:H8VC6ADXX:1:2203:4490:25056; HISEQ1:18:H8VC6ADXX:1:2204:21161:17749; HISEQ1:18:H8VC6ADXX:1:2212:14156:14961; HISEQ1:18:H8VC6ADXX:1:2215:20442:46718; HISEQ1:18:H8VC6ADXX:2:1102:14589:79322; HISEQ1:18:H8VC6ADXX:2:1103:5272:6105; HISEQ1:18:H8VC6ADXX:2:1106:17397:26434; HISEQ1:18:H8VC6ADXX:2:1111:12691:56963; HISEQ1:18:H8VC6ADXX:2:1203:20475:57236; HISEQ1:18:H8VC6ADXX:2:2104:16837:89183; HISEQ1:18:H8VC6ADXX:2:2113:5629:48361; HISEQ1:18:H8VC6ADXX:2:2114:3851:76211; HISEQ1:18:H8VC6ADXX:2:2207:3224:100807; HISEQ1:19:H8VDAADXX:1:1102:20322:26754; HISEQ1:19:H8VDAADXX:1:1102:8710:63531; HISEQ1:19:H8VDAADXX:1:1209:6519:14425; HISEQ1:19:H8VDAADXX:2:1103:15858:58229; HISEQ1:19:H8VDAADXX:2:2209:19028:68780	RG0: 0/44
chm13	chr12:63589251:C:CA	RG0 | FC:RG0_467 | chr12:63588524-63589251(+)		RG0	RG0_467		n=2; HISEQ1:18:H8VC6ADXX:1:1110:17319:77390; HISEQ1:19:H8VDAADXX:2:1107:7803:42614	n=2; HISEQ1:18:H8VC6ADXX:1:1110:17319:77390; HISEQ1:19:H8VDAADXX:2:1107:7803:42614	RG0: 0/41
chm13	chr12:63589251:CAAAAAAAAAAAAAAAA:C	RG0 | FC:RG0_467 | chr12:63588524-63589251(+)		RG0	RG0_467		n=5; HISEQ1:18:H8VC6ADXX:1:1110:17319:77390; HISEQ1:18:H8VC6ADXX:1:1204:14298:3838; HISEQ1:18:H8VC6ADXX:1:2101:10955:78210; HISEQ1:18:H8VC6ADXX:1:2210:1985:49467; HISEQ1:19:H8VDAADXX:2:1107:7803:42614	n=6; HISEQ1:18:H8VC6ADXX:1:1110:17319:77390; HISEQ1:18:H8VC6ADXX:1:1204:14298:3838; HISEQ1:18:H8VC6ADXX:1:2101:10955:78210; HISEQ1:18:H8VC6ADXX:1:2210:1985:49467; HISEQ1:18:H8VC6ADXX:2:2215:19983:59718; HISEQ1:19:H8VDAADXX:2:1107:7803:42614	RG0: 0/41
chm13	chr16:2124339:AAGGGGGATAAGGGAGGGGAAGGGGGATG:A	RG0 | FC:RG0_374 | chr16:2123503-2124342(+)	RG0 | FC:RG0_373 | chr16:2123503-2124328(+); RG0 | FC:RG0_375 | chr16:2123514-2124330(+); RG0 | FC:RG0_376 | chr16:2123517-2124325(-)	RG0	RG0_374	RG0_373; RG0_375; RG0_376	n=3; HISEQ1:18:H8VC6ADXX:2:1109:6566:87227; HISEQ1:18:H8VC6ADXX:2:2110:1634:66409; HISEQ1:19:H8VDAADXX:1:2205:7625:100733	n=3; HISEQ1:18:H8VC6ADXX:2:1109:6566:87227; HISEQ1:18:H8VC6ADXX:2:2110:1634:66409; HISEQ1:19:H8VDAADXX:1:2205:7625:100733	RG0: 1/13
chm13	chr16:2578511:A:AT	RG0 | FC:RG0_403 | chr16:2568869-2601471(-); RG0 | FC:RG0_413 | chr16:2556977-2589569(+)	RG0 | NFC:RG0_403 | chr16:2643027-2675629(+); RG0 | NFC:RG0_403 | chr16:2664538-2685238(-); RG0 | NFC:RG0_413 | chr16:2654929-2675629(+); RG0 | NFC:RG0_413 | chr16:2664538-2697130(-)	RG0	RG0_403; RG0_413	RG0_403; RG0_413	n=3; HISEQ1:18:H8VC6ADXX:1:2215:10482:52807; HISEQ1:18:H8VC6ADXX:2:2110:14941:39614; HISEQ1:19:H8VDAADXX:1:2212:3879:98574	n=3; HISEQ1:18:H8VC6ADXX:1:2215:10482:52807; HISEQ1:18:H8VC6ADXX:2:2110:14941:39614; HISEQ1:19:H8VDAADXX:1:2212:3879:98574	RG0: 1/29
chm13	chr16:2595954:A:AT	RG0 | FC:RG0_403 | chr16:2568869-2601471(-)	RG0 | NFC:RG0_403 | chr16:2643027-2675629(+)	RG0	RG0_403	RG0_403	n=3; HISEQ1:18:H8VC6ADXX:1:2106:13764:22892; HISEQ1:18:H8VC6ADXX:1:2113:7740:88479; HISEQ1:18:H8VC6ADXX:2:2111:17696:53515	n=3; HISEQ1:18:H8VC6ADXX:1:2106:13764:22892; HISEQ1:18:H8VC6ADXX:1:2113:7740:88479; HISEQ1:18:H8VC6ADXX:2:2111:17696:53515	RG0: 3/47
chm13	chr16:18818775:C:CAAAA	RG0 | FC:RG0_475 | chr16:18818400-18819087(+)	RG0 | NFC:RG0_475 | chr16:30682974-30683661(+)	RG0	RG0_475	RG0_475	n=34; HISEQ1:18:H8VC6ADXX:1:1110:5043:72151; HISEQ1:18:H8VC6ADXX:1:1112:14027:98750; HISEQ1:18:H8VC6ADXX:1:1202:6437:100859; HISEQ1:18:H8VC6ADXX:1:1208:11616:48322; HISEQ1:18:H8VC6ADXX:1:1215:20135:62198; HISEQ1:18:H8VC6ADXX:1:2102:3903:2547; HISEQ1:18:H8VC6ADXX:1:2104:21114:17978; HISEQ1:18:H8VC6ADXX:1:2106:2221:18153; HISEQ1:18:H8VC6ADXX:1:2108:11547:50709; HISEQ1:18:H8VC6ADXX:1:2113:5316:78290; HISEQ1:18:H8VC6ADXX:1:2206:7346:83561; HISEQ1:18:H8VC6ADXX:2:1109:2954:5459; HISEQ1:18:H8VC6ADXX:2:1116:10544:31965; HISEQ1:18:H8VC6ADXX:2:1201:17922:97991; HISEQ1:18:H8VC6ADXX:2:1205:14707:44052; HISEQ1:18:H8VC6ADXX:2:1210:12628:15214; HISEQ1:18:H8VC6ADXX:2:1213:16989:74309; HISEQ1:18:H8VC6ADXX:2:1214:3382:85834; HISEQ1:18:H8VC6ADXX:2:1216:8719:41410; HISEQ1:18:H8VC6ADXX:2:2103:3893:59604; HISEQ1:18:H8VC6ADXX:2:2113:15473:62659; HISEQ1:18:H8VC6ADXX:2:2114:3146:47818; HISEQ1:18:H8VC6ADXX:2:2114:3432:91940; HISEQ1:18:H8VC6ADXX:2:2116:1854:83738; HISEQ1:18:H8VC6ADXX:2:2203:3636:6579; HISEQ1:18:H8VC6ADXX:2:2215:16682:87180; HISEQ1:18:H8VC6ADXX:2:2216:7217:47593; HISEQ1:19:H8VDAADXX:1:2207:5200:70120; HISEQ1:19:H8VDAADXX:1:2209:12957:33229; HISEQ1:19:H8VDAADXX:1:2213:8188:45981; HISEQ1:19:H8VDAADXX:2:1106:14042:10159; HISEQ1:19:H8VDAADXX:2:1115:14795:27048; HISEQ1:19:H8VDAADXX:2:1213:1522:100070; HISEQ1:19:H8VDAADXX:2:2216:2740:5990	n=60; HISEQ1:18:H8VC6ADXX:1:1107:5900:21616; HISEQ1:18:H8VC6ADXX:1:1110:5043:72151; HISEQ1:18:H8VC6ADXX:1:1112:14027:98750; HISEQ1:18:H8VC6ADXX:1:1202:6437:100859; HISEQ1:18:H8VC6ADXX:1:1204:5473:23352; HISEQ1:18:H8VC6ADXX:1:1208:11616:48322; HISEQ1:18:H8VC6ADXX:1:1210:19101:78324; HISEQ1:18:H8VC6ADXX:1:1215:14242:90035; HISEQ1:18:H8VC6ADXX:1:1215:20135:62198; HISEQ1:18:H8VC6ADXX:1:1216:16932:6254; HISEQ1:18:H8VC6ADXX:1:2102:3903:2547; HISEQ1:18:H8VC6ADXX:1:2103:15713:36447; HISEQ1:18:H8VC6ADXX:1:2104:21114:17978; HISEQ1:18:H8VC6ADXX:1:2106:2221:18153; HISEQ1:18:H8VC6ADXX:1:2108:11547:50709; HISEQ1:18:H8VC6ADXX:1:2109:4537:82498; HISEQ1:18:H8VC6ADXX:1:2113:5316:78290; HISEQ1:18:H8VC6ADXX:1:2203:5357:100636; HISEQ1:18:H8VC6ADXX:1:2204:13705:62071; HISEQ1:18:H8VC6ADXX:1:2206:7346:83561; HISEQ1:18:H8VC6ADXX:1:2206:9617:42596; HISEQ1:18:H8VC6ADXX:1:2213:10751:24836; HISEQ1:18:H8VC6ADXX:1:2213:18795:86645; HISEQ1:18:H8VC6ADXX:2:1108:6150:30379; HISEQ1:18:H8VC6ADXX:2:1109:2954:5459; HISEQ1:18:H8VC6ADXX:2:1113:19218:3949; HISEQ1:18:H8VC6ADXX:2:1116:10544:31965; HISEQ1:18:H8VC6ADXX:2:1201:17922:97991; HISEQ1:18:H8VC6ADXX:2:1205:14707:44052; HISEQ1:18:H8VC6ADXX:2:1206:13757:99596; HISEQ1:18:H8VC6ADXX:2:1210:12628:15214; HISEQ1:18:H8VC6ADXX:2:1213:16989:74309; HISEQ1:18:H8VC6ADXX:2:1214:3382:85834; HISEQ1:18:H8VC6ADXX:2:1216:18583:63774; HISEQ1:18:H8VC6ADXX:2:1216:8719:41410; HISEQ1:18:H8VC6ADXX:2:2103:3893:59604; HISEQ1:18:H8VC6ADXX:2:2108:7621:70527; HISEQ1:18:H8VC6ADXX:2:2110:6483:11775; HISEQ1:18:H8VC6ADXX:2:2113:15473:62659; HISEQ1:18:H8VC6ADXX:2:2114:3146:47818; HISEQ1:18:H8VC6ADXX:2:2114:3432:91940; HISEQ1:18:H8VC6ADXX:2:2116:1854:83738; HISEQ1:18:H8VC6ADXX:2:2201:14416:67187; HISEQ1:18:H8VC6ADXX:2:2201:8838:28395; HISEQ1:18:H8VC6ADXX:2:2203:3636:6579; HISEQ1:18:H8VC6ADXX:2:2204:12876:24492; HISEQ1:18:H8VC6ADXX:2:2205:14953:42071; HISEQ1:18:H8VC6ADXX:2:2209:4129:35113; HISEQ1:18:H8VC6ADXX:2:2215:16682:87180; HISEQ1:18:H8VC6ADXX:2:2216:7217:47593; HISEQ1:19:H8VDAADXX:1:2202:11798:68007; HISEQ1:19:H8VDAADXX:1:2207:5200:70120; HISEQ1:19:H8VDAADXX:1:2209:12957:33229; HISEQ1:19:H8VDAADXX:1:2213:8188:45981; HISEQ1:19:H8VDAADXX:2:1106:14042:10159; HISEQ1:19:H8VDAADXX:2:1115:14795:27048; HISEQ1:19:H8VDAADXX:2:1213:1522:100070; HISEQ1:19:H8VDAADXX:2:1214:15172:78107; HISEQ1:19:H8VDAADXX:2:2206:15270:60395; HISEQ1:19:H8VDAADXX:2:2216:2740:5990	RG0: 0/52
chm13	chr16:76715611:CTTTTTTTTTTTTTTTTTTTTTTTT:C	RG0 | FC:RG0_494 | chr16:76715406-76720589(+)		RG0	RG0_494		n=1; HISEQ1:18:H8VC6ADXX:2:2106:18165:15503	n=1; HISEQ1:18:H8VC6ADXX:2:2106:18165:15503	RG0: 0/111
